StartDate,EndDate,Status,IPAddress,Progress,Duration (in seconds),Finished,RecordedDate,ResponseId,RecipientLastName,RecipientFirstName,RecipientEmail,ExternalReference,LocationLatitude,LocationLongitude,DistributionChannel,UserLanguage,Q5,Q6,Q7,Q8,Q9,Q10,Q11,Q13,Q14,Q15,Q16,Q17,Q19,Q20,Q21,Q22,Q25,Q26,Q27,Q28,Q134,Q30,Q31,Q32,Q33,Q34,Q36,Q37,Q38,Q39,Q40,Q42,Q43,Q44,Q45,Q46,Q47,Q49,Q50,Q51,Q52,Q53,Q56,Q57,Q58,Q59,Q63,Q64,Q65,Q66,Q67,Q68,Q69,Q71,Q72,Q73,Q74,Q75,Q77,Q78,Q79,Q80,Q82,Q83,Q84,Q85,Q135,Q87,Q88,Q89,Q90,Q91,Q93,Q94,Q95,Q96,Q97,Q99,Q100,Q101,Q102,Q103,Q104,Q106,Q107,Q108,Q109,Q110,Q112,Q113,Q114,Q115,Q119,Q121,Q123,Q125,Q127,Q129,Q131,Q133,Q135,Q137,Q139,Q133 - Topics
Start Date,End Date,Response Type,IP Address,Progress,Duration (in seconds),Finished,Recorded Date,Response ID,Recipient Last Name,Recipient First Name,Recipient Email,External Data Reference,Location Latitude,Location Longitude,Distribution Channel,User Language,"When he unlocked his door, Al intended to do that.","When he turned on his computer, Al intended to do that.","When he made his computer crash, Al intended to do that.","When he checked his e-mail, Al intended to do that.",Al intentionally turned on his computer.,Al intentionally unlocked his door.,Al intentionally made his computer crash.,"When she slammed on her brakes, Beth intended to do that.",Beth intended to avoid hitting the dog.,"When she made her lunch fall onto the floor, Beth intended to do that.",Beth intentionally made her lunch fall onto the floor.,Beth intentionally slammed on her brakes.,"When he pressed the orange button, Carlos intended to produced the brain wave he produced.","When he pressed the orange button, Carlos intended to do that.",Carlos intentionally pressed the orange button.,Carlos intentionally produced the brain wave he produced.,"When Debby pressed the Z key, she intended to do that.","When Debby pressed the Z key, she intended to produce the brain wave she produced.",Debby intentionally produced the brain wave she produced.,Debby intentionally pressed the Z key.,"Please select ""somewhat agree"" from the answer choices below.","When he frightened the burglar, Ezra intended to do that.","When he flipped the switch, Ezra intended to do that.","When he turned on his kitchen light, Ezra intended to do that.",Ezra intentionally frightened the burglar.,Ezra intentionally flipped the switch.,"When she irritated the cyclist, Filomena intended to do that.","When she released a lot of exhaust fumes, Filomena intended to do that.","When she pressed down on her gas pedal, Filomena intended to do that.",Filomena intentionally released a lot of exhaust fumes.,Filomena intentionally pressed down on her gas pedal.,"When he drove over the plastic bag, Greg intended to do that.","When he turned left, Greg intended to do that.","When he used his turn signal, Greg intended to do that.",Greg intended to signal for a right turn.,Greg intentionally drove over the plastic bag.,Greg intentionally used his turn signal.,Hannah intended to walk to the library.,Hannah intended to take each step she took on her way to the library.,Hannah intended to make Ike count her steps.,Hanna intentionally took each step she took on her way to the library.,Hannah intentionally walked to the library.,Ivan intended to shout at the skateboarder.,Ivan intended to upset the professor.,Ivan intentionally shouted at the skateboarder.,Ivan intentionally upset the professor.,"When he unlocked his door, Al intended to do that.","When he turned on his computer, Al intended to do that.","When he made his computer crash, Al intended to do that.","When he checked his e-mail, Al intended to do that.",Al intentionally turned on his computer.,Al intentionally unlocked his door.,Al intentionally made his computer crash.,"When she slammed on her brakes, Beth intended to do that.",Beth intended to avoid hitting the dog.,"When she made her lunch fall onto the floor, Beth intended to do that.",Beth intentionally made her lunch fall onto the floor.,Beth intentionally slammed on her brakes.,"When he pressed the orange button, Carlos intended to produced the brain wave he produced.","When he pressed the orange button, Carlos intended to do that.",Carlos intentionally pressed the orange button.,Carlos intentionally produced the brain wave he produced.,"When Debby pressed the Z key, she intended to do that.","When Debby pressed the Z key, she intended to produce the brain wave she produced.",Debby intentionally produced the brain wave she produced.,Debby intentionally pressed the Z key.,"Please select ""somewhat agree"" from the answer choices below.","When he frightened the burglar, Ezra intended to do that.","When he flipped the switch, Ezra intended to do that.","When he turned on his kitchen light, Ezra intended to do that.",Ezra intentionally frightened the burglar.,Ezra intentionally flipped the switch.,"When she irritated the cyclist, Filomena intended to do that.","When she released a lot of exhaust fumes, Filomena intended to do that.","When she pressed down on her gas pedal, Filomena intended to do that.",Filomena intentionally released a lot of exhaust fumes.,Filomena intentionally pressed down on her gas pedal.,"When he drove over the plastic bag, Greg intended to do that.","When he turned left, Greg intended to do that.","When he used his turn signal, Greg intended to do that.",Greg intended to signal for a right turn.,Greg intentionally drove over the plastic bag.,Greg intentionally used his turn signal.,Hannah intended to walk to the library.,Hannah intended to take each step she took on her way to the library.,Hannah intended to make Ike count her steps.,Hanna intentionally took each step she took on her way to the library.,Hannah intentionally walked to the library.,Ivan intended to shout at the skateboarder.,Ivan intended to upset the professor.,Ivan intentionally shouted at the skateboarder.,Ivan intentionally upset the professor.,What is your gender?,"If your gender identity was not represented in the choices above, please write in your gender here.",What is your sexual orientation?,"If your sexual orientation was not represented in the choices above, please write in your sexual orientation here.",What is your relationship status?,What is your age?,What is your race/ethnicity?,"If your race/ethnicity was not represented in the choices above, please write in your race/ethnicity here.",What is your religious affiliation?,Use the following five-point scale to indicate how religious you consider yourself to be.,How would you describe yourself in terms of political ideology?,Q133 - Topics
"{""ImportId"":""startDate"",""timeZone"":""America/New_York""}","{""ImportId"":""endDate"",""timeZone"":""America/New_York""}","{""ImportId"":""status""}","{""ImportId"":""ipAddress""}","{""ImportId"":""progress""}","{""ImportId"":""duration""}","{""ImportId"":""finished""}","{""ImportId"":""recordedDate"",""timeZone"":""America/New_York""}","{""ImportId"":""_recordId""}","{""ImportId"":""recipientLastName""}","{""ImportId"":""recipientFirstName""}","{""ImportId"":""recipientEmail""}","{""ImportId"":""externalDataReference""}","{""ImportId"":""locationLatitude""}","{""ImportId"":""locationLongitude""}","{""ImportId"":""distributionChannel""}","{""ImportId"":""userLanguage""}","{""ImportId"":""QID5""}","{""ImportId"":""QID6""}","{""ImportId"":""QID7""}","{""ImportId"":""QID8""}","{""ImportId"":""QID9""}","{""ImportId"":""QID10""}","{""ImportId"":""QID11""}","{""ImportId"":""QID13""}","{""ImportId"":""QID14""}","{""ImportId"":""QID15""}","{""ImportId"":""QID16""}","{""ImportId"":""QID17""}","{""ImportId"":""QID19""}","{""ImportId"":""QID20""}","{""ImportId"":""QID21""}","{""ImportId"":""QID22""}","{""ImportId"":""QID25""}","{""ImportId"":""QID26""}","{""ImportId"":""QID27""}","{""ImportId"":""QID28""}","{""ImportId"":""QID134""}","{""ImportId"":""QID30""}","{""ImportId"":""QID31""}","{""ImportId"":""QID32""}","{""ImportId"":""QID33""}","{""ImportId"":""QID34""}","{""ImportId"":""QID36""}","{""ImportId"":""QID37""}","{""ImportId"":""QID38""}","{""ImportId"":""QID39""}","{""ImportId"":""QID40""}","{""ImportId"":""QID42""}","{""ImportId"":""QID43""}","{""ImportId"":""QID44""}","{""ImportId"":""QID45""}","{""ImportId"":""QID46""}","{""ImportId"":""QID47""}","{""ImportId"":""QID49""}","{""ImportId"":""QID50""}","{""ImportId"":""QID51""}","{""ImportId"":""QID52""}","{""ImportId"":""QID53""}","{""ImportId"":""QID56""}","{""ImportId"":""QID57""}","{""ImportId"":""QID58""}","{""ImportId"":""QID59""}","{""ImportId"":""QID63""}","{""ImportId"":""QID64""}","{""ImportId"":""QID65""}","{""ImportId"":""QID66""}","{""ImportId"":""QID67""}","{""ImportId"":""QID68""}","{""ImportId"":""QID69""}","{""ImportId"":""QID71""}","{""ImportId"":""QID72""}","{""ImportId"":""QID73""}","{""ImportId"":""QID74""}","{""ImportId"":""QID75""}","{""ImportId"":""QID77""}","{""ImportId"":""QID78""}","{""ImportId"":""QID79""}","{""ImportId"":""QID80""}","{""ImportId"":""QID82""}","{""ImportId"":""QID83""}","{""ImportId"":""QID84""}","{""ImportId"":""QID85""}","{""ImportId"":""QID135""}","{""ImportId"":""QID87""}","{""ImportId"":""QID88""}","{""ImportId"":""QID89""}","{""ImportId"":""QID90""}","{""ImportId"":""QID91""}","{""ImportId"":""QID93""}","{""ImportId"":""QID94""}","{""ImportId"":""QID95""}","{""ImportId"":""QID96""}","{""ImportId"":""QID97""}","{""ImportId"":""QID99""}","{""ImportId"":""QID100""}","{""ImportId"":""QID101""}","{""ImportId"":""QID102""}","{""ImportId"":""QID103""}","{""ImportId"":""QID104""}","{""ImportId"":""QID106""}","{""ImportId"":""QID107""}","{""ImportId"":""QID108""}","{""ImportId"":""QID109""}","{""ImportId"":""QID110""}","{""ImportId"":""QID112""}","{""ImportId"":""QID113""}","{""ImportId"":""QID114""}","{""ImportId"":""QID115""}","{""ImportId"":""QID117""}","{""ImportId"":""QID118_TEXT""}","{""ImportId"":""QID119""}","{""ImportId"":""QID120_TEXT""}","{""ImportId"":""QID121""}","{""ImportId"":""QID122""}","{""ImportId"":""QID123""}","{""ImportId"":""QID124_TEXT""}","{""ImportId"":""QID125""}","{""ImportId"":""QID126""}","{""ImportId"":""QID127""}","{""ImportId"":""QID124_TEXT_46cb3a852fc44fdc98c1828aTopics""}"
2018-04-23 21:30:08,2018-04-23 21:32:22,0,68.9.43.206,100,133,1,2018-04-23 21:32:22,R_3QWYG8qaZyigzEJ,,,,,41.878402709961,-71.353897094727,anonymous,EN,,,,,,,,,,,,,,,,,,,,,,,,,,,,,,,,,,,,,,,,,,,,,,,6,4,4,5,4,5,4,5,5,3,5,4,5,3,2,5,5,4,3,4,3,5,3,5,4,5,5,4,5,3,5,5,4,3,5,4,4,3,4,3,3,4,5,3,4,5,1,,1,,1,6,3,,1,3,2,
2018-04-23 21:31:05,2018-04-23 21:32:24,0,198.72.247.247,100,79,1,2018-04-23 21:32:24,R_BPr4Wl0OLwtppG9,,,,,34.096405029297,-117.966796875,anonymous,EN,,,,,,,,,,,,,,,,,,,,,,,,,,,,,,,,,,,,,,,,,,,,,,,5,2,7,5,2,6,5,3,1,6,3,7,5,2,7,5,3,1,7,3,3,3,1,7,5,2,3,1,6,3,7,3,6,1,5,3,7,3,7,5,2,6,3,1,7,3,2,,3,,4,5,6,,7,3,3,
2018-04-23 21:29:27,2018-04-23 21:33:05,0,71.173.193.120,100,218,1,2018-04-23 21:33:06,R_10ZwO9WGBkkUIzj,,,,,40.27619934082,-76.788902282715,anonymous,EN,1,1,7,1,1,1,7,1,1,7,7,1,1,1,1,7,1,7,7,1,3,7,1,1,7,1,7,7,1,7,1,1,1,1,1,1,1,1,1,7,1,1,1,7,1,7,,,,,,,,,,,,,,,,,,,,,,,,,,,,,,,,,,,,,,,,,,,,,,,1,,1,,1,9,3,,1,2,2,
2018-04-23 21:28:48,2018-04-23 21:33:35,0,209.6.192.146,100,286,1,2018-04-23 21:33:35,R_7WNaRF5neSXCoSJ,,,,,42.382797241211,-71.095497131348,anonymous,EN,2,2,6,2,2,1,6,2,2,6,7,2,4,2,2,4,2,5,6,2,3,3,2,2,3,2,5,6,2,6,2,5,2,1,5,6,2,2,3,6,3,2,2,6,2,6,,,,,,,,,,,,,,,,,,,,,,,,,,,,,,,,,,,,,,,,,,,,,,,1,,1,,1,,3,,7,1,6,
2018-04-23 21:29:22,2018-04-23 21:33:38,0,23.242.120.131,100,256,1,2018-04-23 21:33:39,R_3HN4yZHlnIERAGx,,,,,33.922393798828,-117.24760437012,anonymous,EN,,,,,,,,,,,,,,,,,,,,,,,,,,,,,,,,,,,,,,,,,,,,,,,1,1,7,1,1,1,7,2,1,7,7,1,3,1,3,3,1,3,3,1,3,7,1,1,7,1,7,6,2,6,2,5,1,2,2,6,2,1,5,6,5,1,2,7,2,7,2,,3,,1,9,5,,6,1,7,
2018-04-23 21:29:00,2018-04-23 21:33:44,0,107.172.209.160,100,284,1,2018-04-23 21:33:45,R_27ri385FQTuJEL0,,,,,34.049392700195,-118.26409912109,anonymous,EN,2,3,3,2,3,2,3,2,3,2,3,2,2,3,2,2,2,3,2,3,3,2,3,2,3,2,2,3,2,2,2,2,3,2,3,3,2,2,3,2,3,2,2,3,2,3,,,,,,,,,,,,,,,,,,,,,,,,,,,,,,,,,,,,,,,,,,,,,,,2,,3,,4,12,1,,1,5,4,
2018-04-23 21:29:00,2018-04-23 21:33:48,0,151.202.39.218,100,288,1,2018-04-23 21:33:49,R_WqEcvnU6Ce6pOpP,,,,,40.626007080078,-74.094200134277,anonymous,EN,1,1,7,1,1,1,7,1,1,7,7,1,7,1,1,7,1,7,7,1,3,7,1,1,7,1,7,7,1,7,1,7,1,3,3,7,3,1,4,7,4,1,3,7,1,7,,,,,,,,,,,,,,,,,,,,,,,,,,,,,,,,,,,,,,,,,,,,,,,2,,1,,1,11,3,,7,1,7,
2018-04-23 21:28:54,2018-04-23 21:34:06,0,108.28.30.108,100,312,1,2018-04-23 21:34:07,R_3ikYmvkemRKjRQz,,,,,39.000701904297,-76.972999572754,anonymous,EN,1,1,7,2,1,1,7,1,1,7,6,1,7,1,1,7,1,7,7,1,3,7,1,1,7,1,7,7,1,7,1,5,1,1,7,3,1,1,2,7,1,1,3,7,2,7,,,,,,,,,,,,,,,,,,,,,,,,,,,,,,,,,,,,,,,,,,,,,,,2,,4,,"1,2",12,3,,7,1,5,
2018-04-23 21:29:08,2018-04-23 21:34:13,0,172.242.161.47,100,305,1,2018-04-23 21:34:14,R_3prUgsYRGUU68m3,,,,,35.07389831543,-83.705101013184,anonymous,EN,1,1,7,1,1,1,7,2,1,7,7,1,7,1,2,7,2,7,7,2,3,7,2,1,7,2,7,7,3,7,3,6,3,3,7,7,3,3,2,7,3,2,3,7,2,7,,,,,,,,,,,,,,,,,,,,,,,,,,,,,,,,,,,,,,,,,,,,,,,1,,1,,1,13,3,,1,5,2,
2018-04-23 21:29:45,2018-04-23 21:34:17,0,67.240.175.29,100,271,1,2018-04-23 21:34:18,R_2wcXe5uBikakLH0,,,,,42.781204223633,-77.777801513672,anonymous,EN,,,,,,,,,,,,,,,,,,,,,,,,,,,,,,,,,,,,,,,,,,,,,,,1,1,7,1,1,1,7,1,1,6,6,1,7,2,2,7,2,7,7,1,3,7,1,1,7,1,7,7,1,7,1,1,1,1,7,1,1,1,1,7,1,1,1,7,1,7,2,,1,,4,12,3,,6,1,7,
2018-04-23 21:29:02,2018-04-23 21:34:19,0,113.173.30.76,100,316,1,2018-04-23 21:34:19,R_1d0uKzCgaHu5qEG,,,,,10.814193725586,106.64379882812,anonymous,EN,,,,,,,,,,,,,,,,,,,,,,,,,,,,,,,,,,,,,,,,,,,,,,,2,2,7,2,2,2,7,2,2,6,6,2,4,2,2,4,2,4,5,2,3,5,2,2,5,2,6,6,2,6,2,2,2,3,2,2,3,2,3,6,2,2,2,6,2,6,1,,1,,2,15,2,,7,1,3,
2018-04-23 21:28:45,2018-04-23 21:34:21,0,216.134.243.126,100,336,1,2018-04-23 21:34:22,R_115RhrlrC9LnGEC,,,,,35.873199462891,-92.071701049805,anonymous,EN,1,1,7,1,1,1,7,1,1,7,7,1,7,1,1,7,1,7,7,1,3,7,1,1,7,1,7,7,1,7,1,1,1,1,7,1,1,1,1,7,1,1,1,7,1,7,,,,,,,,,,,,,,,,,,,,,,,,,,,,,,,,,,,,,,,,,,,,,,,2,,1,,4,35,3,,1,5,2,
2018-04-23 21:29:20,2018-04-23 21:34:26,0,73.231.79.179,100,306,1,2018-04-23 21:34:27,R_Ui00jkQYDm0uSmB,,,,,37.811599731445,-122.24200439453,anonymous,EN,,,,,,,,,,,,,,,,,,,,,,,,,,,,,,,,,,,,,,,,,,,,,,,1,1,7,1,1,1,7,1,1,7,6,1,6,2,1,7,1,7,7,1,3,7,1,1,7,1,7,7,1,7,1,5,1,3,7,5,3,1,5,7,5,1,3,7,2,7,1,,1,,1,20,3,,7,1,6,
2018-04-23 21:28:34,2018-04-23 21:34:38,0,69.23.61.144,100,364,1,2018-04-23 21:34:39,R_20OqUdMVqjRSm0L,,,,,38.00520324707,-84.983001708984,anonymous,EN,,,,,,,,,,,,,,,,,,,,,,,,,,,,,,,,,,,,,,,,,,,,,,,1,1,7,1,1,1,7,1,1,7,7,1,6,1,1,6,1,6,6,1,3,7,1,1,7,1,7,7,1,7,1,4,1,2,2,4,2,1,2,7,2,1,2,6,1,6,1,,1,,4,33,3,,1,3,4,
2018-04-23 21:28:37,2018-04-23 21:34:40,0,68.63.12.89,100,362,1,2018-04-23 21:34:40,R_2RVx4X12rSxaEmj,,,,,31.200698852539,-85.491203308105,anonymous,EN,,,,,,,,,,,,,,,,,,,,,,,,,,,,,,,,,,,,,,,,,,,,,,,3,5,3,5,3,4,5,4,4,3,3,6,3,3,5,3,3,3,3,3,3,4,4,3,4,4,4,4,6,5,5,3,4,3,3,5,4,3,4,4,5,4,4,4,3,4,,,,,,,,,,,,
2018-04-23 21:29:33,2018-04-23 21:34:48,0,74.137.135.146,100,314,1,2018-04-23 21:34:49,R_2wS88izz3XsI4ff,,,,,38.32829284668,-85.695701599121,anonymous,EN,,,,,,,,,,,,,,,,,,,,,,,,,,,,,,,,,,,,,,,,,,,,,,,1,1,7,1,1,1,7,1,1,7,7,1,7,1,1,7,1,7,7,1,3,7,1,1,7,1,7,7,1,7,1,7,1,1,1,7,1,1,1,7,1,1,1,7,1,7,1,,1,,1,15,3,,6,1,4,
2018-04-23 21:29:31,2018-04-23 21:34:51,0,76.94.74.53,100,319,1,2018-04-23 21:34:51,R_1gCrZMb0kmAhVmQ,,,,,34.076202392578,-118.31039428711,anonymous,EN,6,6,1,6,1,1,1,7,1,7,1,1,7,4,1,1,7,7,7,1,3,7,7,7,1,1,3,3,3,1,1,3,7,7,1,1,1,1,1,1,1,1,1,7,1,7,,,,,,,,,,,,,,,,,,,,,,,,,,,,,,,,,,,,,,,,,,,,,,,1,,1,,1,11,5,,7,1,7,
2018-04-23 21:29:04,2018-04-23 21:34:55,0,71.211.146.19,100,351,1,2018-04-23 21:34:56,R_2VpstEO9ewu5zja,,,,,39.660293579102,-104.76809692383,anonymous,EN,,,,,,,,,,,,,,,,,,,,,,,,,,,,,,,,,,,,,,,,,,,,,,,2,2,6,2,2,2,6,2,2,6,6,2,6,2,2,6,2,6,6,2,3,6,2,2,6,2,6,6,2,6,2,6,2,2,6,6,2,2,2,6,2,2,2,6,2,6,2,,1,,4,17,3,,1,5,4,
2018-04-23 21:29:02,2018-04-23 21:34:57,0,24.205.20.167,100,354,1,2018-04-23 21:34:58,R_C19kqeo4Yf0nEGJ,,,,,34.09049987793,-118.13439941406,anonymous,EN,2,2,6,2,1,1,7,1,1,7,7,1,6,1,1,7,1,6,6,1,3,7,1,1,7,1,7,7,1,7,1,3,1,1,7,3,1,1,3,7,3,1,1,7,1,7,,,,,,,,,,,,,,,,,,,,,,,,,,,,,,,,,,,,,,,,,,,,,,,2,,1,,4,35,2,,4,1,6,
2018-04-23 21:28:59,2018-04-23 21:35:08,0,93.107.117.6,100,368,1,2018-04-23 21:35:08,R_2y95D9hdhnoB6Pt,,,,,53.347198486328,-6.243896484375,anonymous,EN,1,1,7,1,1,1,7,1,1,7,7,1,4,1,1,4,1,4,4,1,3,7,1,1,7,1,7,7,1,7,1,1,1,1,1,1,1,1,1,7,1,1,1,7,1,7,,,,,,,,,,,,,,,,,,,,,,,,,,,,,,,,,,,,,,,,,,,,,,,2,,1,,2,20,"1,3",,7,1,7,
2018-04-23 21:31:07,2018-04-23 21:35:10,0,24.218.192.81,100,242,1,2018-04-23 21:35:10,R_271ZyGngeYWKWEw,,,,,41.30940246582,-72.924003601074,anonymous,EN,1,1,7,1,1,1,7,1,1,7,7,1,7,1,1,7,1,7,7,1,3,7,1,1,7,1,7,7,1,7,1,2,1,6,6,6,6,1,1,6,1,1,6,6,1,6,,,,,,,,,,,,,,,,,,,,,,,,,,,,,,,,,,,,,,,,,,,,,,,2,,1,,1,9,5,,8,1,7,
2018-04-23 21:28:53,2018-04-23 21:35:11,0,68.34.166.212,100,378,1,2018-04-23 21:35:12,R_2sUaSaii3cQnkuF,,,,,36.761993408203,-82.038803100586,anonymous,EN,,,,,,,,,,,,,,,,,,,,,,,,,,,,,,,,,,,,,,,,,,,,,,,1,1,7,1,1,1,7,1,1,7,7,1,7,1,1,7,1,7,7,1,3,7,1,1,7,1,7,7,1,7,1,6,1,1,1,6,1,1,7,7,7,1,1,7,1,7,1,,2,,2,19,3,,1,2,6,
2018-04-23 21:31:13,2018-04-23 21:35:15,0,24.126.72.15,100,242,1,2018-04-23 21:35:15,R_1kSoi75I8Khc4Vq,,,,,39.089202880859,-77.183502197266,anonymous,EN,,,,,,,,,,,,,,,,,,,,,,,,,,,,,,,,,,,,,,,,,,,,,,,1,1,7,1,1,1,7,1,1,7,4,1,1,1,1,1,1,1,1,1,3,7,1,1,7,1,7,7,1,7,1,1,1,1,1,1,1,1,1,1,1,1,1,7,1,7,1,,1,,2,8,3,,1,6,4,
2018-04-23 21:30:58,2018-04-23 21:35:19,0,75.137.1.58,100,260,1,2018-04-23 21:35:19,R_11Zy1P2ptswxipV,,,,,33.024703979492,-83.229598999023,anonymous,EN,,,,,,,,,,,,,,,,,,,,,,,,,,,,,,,,,,,,,,,,,,,,,,,1,1,7,1,1,1,7,1,1,7,7,1,1,1,1,1,1,1,1,1,3,7,1,1,7,1,7,7,1,7,1,1,1,1,1,1,1,1,1,1,1,1,1,7,1,7,2,,1,,2,8,1,,1,5,4,
2018-04-23 21:28:46,2018-04-23 21:35:19,0,40.139.94.147,100,393,1,2018-04-23 21:35:20,R_2X70oXr99PHqx6s,,,,,42.304397583008,-85.629203796387,anonymous,EN,1,1,7,1,1,1,7,2,1,7,7,1,7,3,3,7,2,6,7,2,3,7,1,1,7,1,7,7,1,7,1,3,3,3,5,2,2,1,6,7,6,1,3,7,2,7,,,,,,,,,,,,,,,,,,,,,,,,,,,,,,,,,,,,,,,,,,,,,,,1,,1,,1,20,3,,1,6,2,
2018-04-23 21:29:45,2018-04-23 21:35:23,0,107.140.191.176,100,337,1,2018-04-23 21:35:23,R_2wN4vw1c2Ykn94j,,,,,30.441604614258,-97.598602294922,anonymous,EN,,,,,,,,,,,,,,,,,,,,,,,,,,,,,,,,,,,,,,,,,,,,,,,3,3,6,2,2,2,6,3,2,6,6,2,6,3,3,6,2,6,4,2,3,6,2,2,6,2,6,6,2,6,2,2,2,2,7,2,2,2,2,2,2,1,2,6,4,6,2,,1,,4,26,2,,1,,3,
2018-04-23 21:29:21,2018-04-23 21:35:26,0,24.193.218.234,100,364,1,2018-04-23 21:35:26,R_2fd0xt1BbXwJw4y,,,,,40.565994262695,-74.125801086426,anonymous,EN,1,1,7,1,1,1,5,1,1,6,1,1,7,1,1,7,1,7,7,1,3,1,1,1,4,1,1,1,1,1,1,1,1,1,7,1,1,1,1,4,1,1,1,1,1,1,,,,,,,,,,,,,,,,,,,,,,,,,,,,,,,,,,,,,,,,,,,,,,,1,,1,,4,16,7,American,9,1,4,Unknown
2018-04-23 21:29:44,2018-04-23 21:35:29,0,201.210.233.124,100,344,1,2018-04-23 21:35:29,R_poqUgOpOSa5Laxz,,,,,10.5,-66.916702270508,anonymous,EN,7,7,7,7,1,1,7,3,1,7,7,1,7,7,1,7,1,7,7,1,3,7,1,1,7,1,7,7,1,7,1,1,1,1,7,1,1,1,1,7,1,1,1,7,1,7,,,,,,,,,,,,,,,,,,,,,,,,,,,,,,,,,,,,,,,,,,,,,,,1,,1,,1,19,5,,1,1,5,
2018-04-23 21:30:02,2018-04-23 21:35:35,0,72.201.98.101,100,333,1,2018-04-23 21:35:36,R_2eQK8FmFLbMhrNc,,,,,33.400100708008,-111.92900085449,anonymous,EN,1,1,7,2,1,1,7,2,1,7,7,1,6,3,3,7,1,6,6,1,3,7,1,1,7,1,7,7,1,7,1,3,1,1,7,3,1,1,2,7,2,1,3,7,3,7,,,,,,,,,,,,,,,,,,,,,,,,,,,,,,,,,,,,,,,,,,,,,,,2,,3,,2,5,3,,6,1,5,
2018-04-23 21:30:17,2018-04-23 21:35:48,0,76.186.192.45,100,330,1,2018-04-23 21:35:48,R_2WupFRKx2GROYho,,,,,33.176895141602,-96.698501586914,anonymous,EN,2,2,7,2,2,2,7,2,2,6,2,2,7,2,2,6,2,6,4,2,3,7,2,2,6,2,6,6,2,6,2,6,2,2,6,2,2,2,4,6,4,2,4,6,2,6,,,,,,,,,,,,,,,,,,,,,,,,,,,,,,,,,,,,,,,,,,,,,,,2,,1,,4,25,3,,1,5,6,
2018-04-23 21:28:58,2018-04-23 21:35:49,0,100.38.158.189,100,410,1,2018-04-23 21:35:49,R_3Ep39R72v2lkqFE,,,,,40.7626953125,-73.322700500488,anonymous,EN,,,,,,,,,,,,,,,,,,,,,,,,,,,,,,,,,,,,,,,,,,,,,,,1,1,7,1,3,1,7,1,1,7,7,1,6,2,1,6,2,6,5,1,3,6,1,2,6,1,7,7,1,6,2,6,1,3,6,5,3,2,3,6,3,1,1,7,3,7,1,,1,,1,,3,,7,1,7,
2018-04-23 21:30:15,2018-04-23 21:35:57,0,71.183.61.243,100,341,1,2018-04-23 21:35:58,R_1rP90O0scO75QKu,,,,,40.813201904297,-73.938598632812,anonymous,EN,1,1,7,1,1,1,7,1,1,7,7,1,7,1,1,7,1,7,7,1,3,7,1,1,7,1,7,7,1,7,1,7,1,1,1,7,1,1,1,7,1,1,1,7,1,7,,,,,,,,,,,,,,,,,,,,,,,,,,,,,,,,,,,,,,,,,,,,,,,2,,1,,1,17,3,,9,1,6,
2018-04-23 21:29:28,2018-04-23 21:35:58,0,67.8.219.117,100,389,1,2018-04-23 21:35:59,R_26kF3YlG29clybt,,,,,28.884094238281,-81.234802246094,anonymous,EN,,,,,,,,,,,,,,,,,,,,,,,,,,,,,,,,,,,,,,,,,,,,,,,1,1,7,2,1,1,7,7,1,7,7,2,4,4,3,3,3,2,3,3,3,7,2,2,7,2,7,7,2,7,3,6,2,2,7,2,2,2,2,6,4,2,6,6,4,6,2,,1,,5,32,3,,1,2,3,
2018-04-23 21:30:11,2018-04-23 21:36:00,0,172.9.162.236,100,348,1,2018-04-23 21:36:00,R_32LV7wnat6mdiId,,,,,38.666702270508,-121.62930297852,anonymous,EN,1,1,7,1,1,1,7,1,1,7,7,1,7,1,1,7,1,7,7,1,3,7,1,1,7,1,7,7,1,7,1,4,1,1,7,4,1,1,1,7,1,1,1,7,1,7,,,,,,,,,,,,,,,,,,,,,,,,,,,,,,,,,,,,,,,,,,,,,,,1,,1,,4,37,3,,1,3,4,
2018-04-23 21:34:00,2018-04-23 21:36:07,0,71.84.182.96,100,127,1,2018-04-23 21:36:08,R_3NK6CaU6r0b9gP5,,,,,46.285705566406,-119.28450012207,anonymous,EN,5,4,3,5,5,5,4,5,4,4,6,5,6,4,5,5,5,4,4,5,3,5,5,5,4,5,5,4,5,4,5,5,4,4,5,4,5,5,4,5,5,5,4,5,4,5,,,,,,,,,,,,,,,,,,,,,,,,,,,,,,,,,,,,,,,,,,,,,,,1,,1,,4,13,3,,1,6,4,
2018-04-23 21:30:08,2018-04-23 21:36:11,0,174.217.42.220,100,362,1,2018-04-23 21:36:12,R_214WamlfxA3TBjI,,,,,41.603698730469,-93.875297546387,anonymous,EN,,,,,,,,,,,,,,,,,,,,,,,,,,,,,,,,,,,,,,,,,,,,,,,2,2,6,2,1,1,7,3,1,7,7,2,6,2,2,6,1,6,6,1,3,6,1,1,7,1,7,7,2,7,1,3,2,1,1,5,1,2,2,7,2,1,2,6,2,6,2,,1,,4,18,3,,1,3,5,
2018-04-23 21:30:12,2018-04-23 21:36:17,0,68.102.144.34,100,364,1,2018-04-23 21:36:18,R_sdK5YPguOcjeycN,,,,,37.562896728516,-97.228500366211,anonymous,EN,,,,,,,,,,,,,,,,,,,,,,,,,,,,,,,,,,,,,,,,,,,,,,,1,1,7,1,1,1,1,1,1,7,7,1,7,1,1,7,1,7,7,1,3,7,1,1,7,1,7,4,1,3,1,1,1,2,7,2,3,1,3,7,3,1,3,6,2,7,1,,1,,4,12,3,,1,6,2,
2018-04-23 21:31:34,2018-04-23 21:36:24,0,67.249.88.252,100,289,1,2018-04-23 21:36:25,R_WuMmYBREsKsrJPH,,,,,42.407196044922,-76.515899658203,anonymous,EN,1,1,7,1,1,1,7,1,1,7,7,1,7,1,1,5,1,7,7,1,3,7,1,1,7,1,7,7,1,7,1,5,1,1,7,5,1,1,1,7,1,1,1,7,1,7,,,,,,,,,,,,,,,,,,,,,,,,,,,,,,,,,,,,,,,,,,,,,,,1,,7,,3,13,3,,7,1,7,
2018-04-23 21:29:36,2018-04-23 21:36:24,0,74.140.152.176,100,408,1,2018-04-23 21:36:25,R_1Cwj2u7QJ4SJWVE,,,,,39.883407592773,-83.830001831055,anonymous,EN,1,1,7,1,1,1,7,1,1,7,7,1,7,1,1,7,1,7,7,1,3,7,1,1,7,1,7,7,1,7,1,7,1,1,7,4,1,1,1,7,1,1,1,7,1,7,,,,,,,,,,,,,,,,,,,,,,,,,,,,,,,,,,,,,,,,,,,,,,,2,,1,,4,25,3,,1,2,5,
2018-04-23 21:29:10,2018-04-23 21:36:27,0,108.46.62.239,100,437,1,2018-04-23 21:36:28,R_1jIkMxnAjTXciHf,,,,,40.780899047852,-73.778999328613,anonymous,EN,,,,,,,,,,,,,,,,,,,,,,,,,,,,,,,,,,,,,,,,,,,,,,,1,1,7,1,1,1,7,1,4,7,7,1,7,1,6,7,6,7,7,1,3,7,1,1,7,1,7,7,1,7,1,4,1,1,7,6,1,1,1,7,4,1,1,7,1,7,1,,1,,"1,4",19,2,,9,1,4,
2018-04-23 21:29:26,2018-04-23 21:36:30,0,67.182.61.40,100,423,1,2018-04-23 21:36:31,R_3P5dKQbG6enSO6b,,,,,36.819396972656,-119.75859832764,anonymous,EN,1,1,7,1,1,1,7,1,1,7,7,1,7,1,1,7,1,7,7,1,3,7,1,1,7,1,7,7,1,7,1,2,1,2,7,2,2,1,1,7,1,1,2,7,2,7,,,,,,,,,,,,,,,,,,,,,,,,,,,,,,,,,,,,,,,,,,,,,,,1,,1,,2,13,3,,9,1,5,
2018-04-23 21:29:10,2018-04-23 21:36:33,0,45.16.249.195,100,442,1,2018-04-23 21:36:34,R_3I6MQtsPhRUY2zX,,,,,32.98779296875,-80.005699157715,anonymous,EN,1,1,7,1,1,1,7,2,1,7,6,2,7,1,1,7,1,7,7,1,3,7,1,1,7,1,7,6,1,6,1,2,1,1,7,1,1,1,4,7,1,1,4,7,2,7,,,,,,,,,,,,,,,,,,,,,,,,,,,,,,,,,,,,,,,,,,,,,,,1,,1,,4,17,3,,9,1,5,
2018-04-23 21:29:06,2018-04-23 21:36:34,0,24.170.229.21,100,448,1,2018-04-23 21:36:35,R_3g6r6ZVcHEjXhbc,,,,,39.629104614258,-77.712799072266,anonymous,EN,,,,,,,,,,,,,,,,,,,,,,,,,,,,,,,,,,,,,,,,,,,,,,,1,1,7,1,1,1,7,6,1,7,2,1,6,1,1,6,1,6,6,1,3,7,1,1,7,1,7,7,1,7,1,2,1,1,7,1,1,1,1,7,1,1,6,7,1,7,2,,1,,1,20,1,,1,3,3,
2018-04-23 21:31:38,2018-04-23 21:36:43,0,47.35.191.134,100,305,1,2018-04-23 21:36:44,R_5uLUbaSRp6KKc7f,,,,,43.494293212891,-88.547302246094,anonymous,EN,,,,,,,,,,,,,,,,,,,,,,,,,,,,,,,,,,,,,,,,,,,,,,,1,1,7,1,1,1,7,2,1,7,7,2,6,3,3,4,3,4,4,3,3,6,1,1,7,1,6,6,2,4,2,4,1,3,4,4,3,1,1,7,1,1,2,7,1,7,1,,1,,4,13,3,,7,2,7,
2018-04-23 21:31:12,2018-04-23 21:36:51,0,108.227.248.22,100,339,1,2018-04-23 21:36:52,R_qxaw2AIaNBNgLeh,,,,,34.613006591797,-82.949203491211,anonymous,EN,,,,,,,,,,,,,,,,,,,,,,,,,,,,,,,,,,,,,,,,,,,,,,,1,1,7,1,1,1,7,1,1,7,7,1,7,1,1,7,1,7,7,1,3,7,1,1,7,1,7,7,1,7,1,1,1,1,7,1,1,1,1,7,1,1,6,7,6,7,2,,1,,1,25,3,,1,6,1,
2018-04-23 21:33:34,2018-04-23 21:36:55,0,170.72.0.22,100,201,1,2018-04-23 21:36:56,R_oZTW8XHSqR24iGd,,,,,40.324493408203,-111.96179962158,anonymous,EN,3,4,4,5,3,4,3,6,1,4,4,3,4,3,4,4,4,3,4,4,5,5,3,3,4,3,4,3,5,4,4,3,4,5,5,4,3,3,4,5,3,3,4,3,4,4,,,,,,,,,,,,,,,,,,,,,,,,,,,,,,,,,,,,,,,,,,,,,,,2,,1,,4,11,3,,1,3,3,
2018-04-23 21:31:27,2018-04-23 21:36:56,0,69.125.22.72,100,328,1,2018-04-23 21:36:57,R_2ykjDTJhablRQTz,,,,,40.771606445312,-72.940696716309,anonymous,EN,,,,,,,,,,,,,,,,,,,,,,,,,,,,,,,,,,,,,,,,,,,,,,,1,1,7,1,1,1,7,3,1,6,7,2,6,2,2,6,2,6,6,2,3,6,2,2,6,2,7,7,1,7,1,3,3,3,7,2,2,1,3,6,2,1,5,7,6,7,2,,1,,4,14,3,,1,1,6,
2018-04-23 21:30:14,2018-04-23 21:36:59,0,98.219.165.145,100,405,1,2018-04-23 21:36:59,R_AzLkvl6vtSVqMwx,,,,,39.64079284668,-78.968002319336,anonymous,EN,,,,,,,,,,,,,,,,,,,,,,,,,,,,,,,,,,,,,,,,,,,,,,,1,1,7,1,1,1,7,2,1,7,7,1,7,1,1,7,1,7,7,1,3,7,1,1,7,1,7,7,1,7,1,2,1,1,7,3,1,1,3,7,2,1,3,7,2,7,2,,1,,4,14,3,,1,2,6,
2018-04-23 21:29:16,2018-04-23 21:37:00,0,162.192.89.125,100,463,1,2018-04-23 21:37:00,R_5dOAv4VYc77ioZX,,,,,30.271194458008,-89.770500183105,anonymous,EN,7,7,7,1,1,1,7,4,1,7,7,3,1,1,1,1,1,1,1,1,3,4,1,1,4,1,7,7,1,7,1,4,4,4,4,4,4,1,1,4,1,1,1,7,1,7,,,,,,,,,,,,,,,,,,,,,,,,,,,,,,,,,,,,,,,,,,,,,,,1,,1,,4,14,3,,7,1,4,
2018-04-23 21:29:11,2018-04-23 21:37:05,0,73.248.201.23,100,473,1,2018-04-23 21:37:05,R_3RenCfrqKKAfkLO,,,,,40.784301757812,-74.805999755859,anonymous,EN,1,1,7,1,1,1,7,1,1,7,7,1,7,1,1,7,1,7,7,1,3,7,1,1,7,1,7,7,1,7,1,4,1,1,7,4,1,1,1,7,1,1,1,7,1,7,,,,,,,,,,,,,,,,,,,,,,,,,,,,,,,,,,,,,,,,,,,,,,,2,,1,,4,10,3,,9,1,7,
2018-04-23 21:31:45,2018-04-23 21:37:16,0,71.230.193.237,100,331,1,2018-04-23 21:37:16,R_4U5ynT3Y8vRGEj7,,,,,40.089492797852,-75.0458984375,anonymous,EN,,,,,,,,,,,,,,,,,,,,,,,,,,,,,,,,,,,,,,,,,,,,,,,1,1,6,1,1,1,7,1,1,4,4,1,4,1,1,5,1,5,5,1,3,2,1,1,4,1,2,4,2,4,3,4,2,1,2,4,1,2,2,3,2,2,2,3,3,4,1,,1,,4,16,3,,1,2,4,
2018-04-23 21:34:00,2018-04-23 21:37:16,0,173.16.96.32,100,196,1,2018-04-23 21:37:17,R_VLpOEzOZQAPbsNX,,,,,38.804306030273,-95.237098693848,anonymous,EN,,,,,,,,,,,,,,,,,,,,,,,,,,,,,,,,,,,,,,,,,,,,,,,1,1,7,1,1,1,7,5,1,1,7,3,5,3,2,2,1,7,7,1,3,7,1,1,7,1,7,7,1,7,1,2,1,1,1,2,1,1,1,2,2,1,1,7,1,7,2,,"3,7",,4,21,3,,7,1,6,
2018-04-23 21:30:09,2018-04-23 21:37:26,0,71.75.249.188,100,436,1,2018-04-23 21:37:26,R_3j81OnqmJtD63GP,,,,,34.901000976562,-80.540901184082,anonymous,EN,,,,,,,,,,,,,,,,,,,,,,,,,,,,,,,,,,,,,,,,,,,,,,,1,1,7,1,1,1,7,2,1,7,7,2,7,1,1,7,1,7,7,1,3,7,1,1,7,1,7,7,1,7,1,7,1,1,7,7,1,1,1,7,1,1,7,7,5,7,2,,1,,4,30,3,,1,6,2,
2018-04-23 21:32:31,2018-04-23 21:37:29,0,74.136.136.18,100,297,1,2018-04-23 21:37:30,R_22FxMNn8SwSiMNr,,,,,38.015899658203,-84.484703063965,anonymous,EN,2,2,6,2,2,2,6,2,2,6,6,2,6,2,2,6,2,6,6,2,3,6,2,2,6,2,6,6,2,6,2,6,2,2,2,6,2,2,5,6,2,2,5,6,3,6,,,,,,,,,,,,,,,,,,,,,,,,,,,,,,,,,,,,,,,,,,,,,,,2,,1,,4,19,3,,1,3,7,
2018-04-23 21:29:25,2018-04-23 21:37:44,0,12.176.124.3,100,499,1,2018-04-23 21:37:44,R_2cuXaVJTSiS44Ym,,,,,34.118194580078,-118.67390441895,anonymous,EN,,,,,,,,,,,,,,,,,,,,,,,,,,,,,,,,,,,,,,,,,,,,,,,2,2,7,2,2,2,7,1,1,7,7,2,7,4,4,7,2,3,3,2,3,7,2,2,7,3,7,7,2,7,2,7,2,3,7,7,3,2,3,7,3,2,3,7,3,7,2,,1,,2,10,2,,6,1,5,
2018-04-23 21:29:33,2018-04-23 21:37:51,0,104.232.118.30,100,497,1,2018-04-23 21:37:51,R_3kLAYBk7HOsSgo2,,,,,47.634399414062,-122.34220123291,anonymous,EN,1,1,7,1,1,1,7,1,1,7,7,1,5,3,3,5,1,5,5,1,3,7,1,1,7,1,7,3,1,3,1,6,1,1,1,3,1,1,1,7,1,1,5,7,2,7,,,,,,,,,,,,,,,,,,,,,,,,,,,,,,,,,,,,,,,,,,,,,,,1,,1,,4,13,3,,7,1,7,
2018-04-23 21:29:56,2018-04-23 21:37:53,0,108.213.13.43,100,477,1,2018-04-23 21:37:54,R_1ltwvWiZvWujF4t,,,,,41.024597167969,-80.669700622559,anonymous,EN,,,,,,,,,,,,,,,,,,,,,,,,,,,,,,,,,,,,,,,,,,,,,,,1,1,7,1,1,1,7,1,1,7,7,1,7,2,3,7,1,7,7,1,3,7,1,1,7,1,7,7,1,7,1,5,1,1,1,6,1,1,5,7,5,1,1,7,1,7,2,,3,,4,23,3,,8,3,7,
2018-04-23 21:33:29,2018-04-23 21:37:54,0,184.100.57.237,100,264,1,2018-04-23 21:37:54,R_1jeKyNHhwa1Xesd,,,,,44.63639831543,-123.00650024414,anonymous,EN,,,,,,,,,,,,,,,,,,,,,,,,,,,,,,,,,,,,,,,,,,,,,,,2,2,3,2,3,3,2,3,3,2,2,4,3,2,2,3,4,3,3,5,3,3,3,2,3,2,3,2,3,1,1,4,2,2,3,3,3,3,3,5,2,4,4,2,3,3,2,,1,,2,4,3,,1,6,4,
2018-04-23 21:29:40,2018-04-23 21:37:58,0,68.226.96.200,100,498,1,2018-04-23 21:37:59,R_1fcOe6hFfuvjaXX,,,,,32.213195800781,-110.88729858398,anonymous,EN,,,,,,,,,,,,,,,,,,,,,,,,,,,,,,,,,,,,,,,,,,,,,,,1,1,7,1,1,1,7,1,1,7,7,1,7,1,1,7,1,6,7,1,3,7,1,1,7,1,7,7,1,7,1,1,1,1,1,1,1,1,1,7,1,1,1,7,1,7,1,,1,,1,30,3,,6,1,4,
2018-04-23 21:31:01,2018-04-23 21:38:05,0,208.87.234.201,100,423,1,2018-04-23 21:38:05,R_11gpJh99REutlrW,,,,,36.037796020508,-78.985801696777,anonymous,EN,,,,,,,,,,,,,,,,,,,,,,,,,,,,,,,,,,,,,,,,,,,,,,,1,1,7,1,1,1,7,1,1,7,7,1,7,1,1,7,1,7,7,1,3,7,1,1,7,1,7,7,1,7,1,1,1,1,1,1,1,1,1,7,1,1,1,1,1,7,1,,1,,2,12,3,,9,1,3,
2018-04-23 21:29:16,2018-04-23 21:38:05,0,24.20.124.0,100,528,1,2018-04-23 21:38:05,R_3KuwGXjAnSAwFpw,,,,,45.498001098633,-122.77839660645,anonymous,EN,1,1,7,1,1,1,7,1,1,7,6,1,7,1,1,7,1,7,7,1,3,7,1,1,7,1,7,7,1,6,1,3,1,2,7,3,2,1,2,7,2,1,2,7,2,7,,,,,,,,,,,,,,,,,,,,,,,,,,,,,,,,,,,,,,,,,,,,,,,1,,1,,1,12,3,,7,1,4,
2018-04-23 21:32:37,2018-04-23 21:38:05,0,172.58.3.166,100,327,1,2018-04-23 21:38:06,R_2TNyeuWic85vH0e,,,,,33.84440612793,-84.474098205566,anonymous,EN,,,,,,,,,,,,,,,,,,,,,,,,,,,,,,,,,,,,,,,,,,,,,,,1,1,7,1,1,1,7,1,1,7,7,1,7,1,1,7,1,7,7,1,3,7,1,1,7,1,7,7,1,7,1,1,1,1,1,1,1,1,1,7,1,1,1,7,1,7,1,,1,,1,11,2,,1,2,5,
2018-04-23 21:30:08,2018-04-23 21:38:09,0,66.252.214.171,100,481,1,2018-04-23 21:38:09,R_1dHpwLfLRO4NgSX,,,,,34.200698852539,-102.74389648438,anonymous,EN,,,,,,,,,,,,,,,,,,,,,,,,,,,,,,,,,,,,,,,,,,,,,,,1,1,7,1,1,4,7,6,2,6,7,2,6,3,2,6,1,6,6,1,3,6,2,2,6,2,7,6,2,6,2,3,2,1,4,2,1,2,4,6,2,1,5,6,2,6,1,,2,,1,17,5,,1,5,3,
2018-04-23 21:30:48,2018-04-23 21:38:20,0,75.98.102.166,100,451,1,2018-04-23 21:38:20,R_XY3zmrRWWrdh0VH,,,,,37.148895263672,-93.26139831543,anonymous,EN,,,,,,,,,,,,,,,,,,,,,,,,,,,,,,,,,,,,,,,,,,,,,,,1,1,7,1,1,1,7,1,1,7,7,1,7,1,1,7,1,7,7,1,3,7,1,1,7,1,7,7,1,7,1,1,1,1,7,1,1,1,1,7,1,1,1,7,1,7,1,,1,,2,3,3,,1,6,4,
2018-04-23 21:30:27,2018-04-23 21:38:20,0,73.55.26.115,100,473,1,2018-04-23 21:38:21,R_1PdiqFVGcrbWmRG,,,,,27.337493896484,-82.513999938965,anonymous,EN,1,1,7,1,1,1,1,1,1,7,7,1,7,1,1,7,1,6,6,1,3,6,1,1,7,1,7,7,1,7,1,4,1,1,7,4,1,1,1,7,1,1,1,7,1,7,,,,,,,,,,,,,,,,,,,,,,,,,,,,,,,,,,,,,,,,,,,,,,,1,,1,,1,16,3,,9,1,5,
2018-04-23 21:30:29,2018-04-23 21:38:21,0,68.40.38.242,100,471,1,2018-04-23 21:38:21,R_1fkmBoUR1sdRt50,,,,,42.219604492188,-83.604598999023,anonymous,EN,1,1,7,2,1,1,7,1,1,7,7,2,7,1,1,7,1,7,7,1,3,7,1,1,7,1,7,7,1,7,1,2,1,1,7,2,1,1,1,7,1,1,1,7,1,7,,,,,,,,,,,,,,,,,,,,,,,,,,,,,,,,,,,,,,,,,,,,,,,2,,1,,4,32,3,,9,1,7,
2018-04-23 21:31:19,2018-04-23 21:38:24,0,73.40.21.219,100,424,1,2018-04-23 21:38:25,R_1OvtUkREU2XBl2i,,,,,37.290603637695,-80.101402282715,anonymous,EN,,,,,,,,,,,,,,,,,,,,,,,,,,,,,,,,,,,,,,,,,,,,,,,1,1,7,1,1,1,7,1,1,7,7,1,7,1,1,7,1,7,7,1,3,7,1,1,7,1,7,7,1,7,1,3,1,3,7,5,6,1,1,7,1,1,1,7,1,7,2,,1,,5,32,3,,1,2,1,
2018-04-23 21:29:47,2018-04-23 21:38:43,0,67.10.52.16,100,536,1,2018-04-23 21:38:44,R_1q1IrhDMnhwwPX1,,,,,25.975997924805,-97.541999816895,anonymous,EN,6,6,7,7,1,1,7,1,1,7,7,1,7,1,1,7,1,7,7,1,3,7,1,1,7,1,7,7,1,7,1,1,1,1,4,2,1,1,1,1,1,1,1,7,1,7,,,,,,,,,,,,,,,,,,,,,,,,,,,,,,,,,,,,,,,,,,,,,,,2,,2,,2,51,3,,1,2,6,
2018-04-23 21:28:42,2018-04-23 21:38:43,0,104.57.108.39,100,600,1,2018-04-23 21:38:44,R_1hXMYqo6ouRZ8q6,,,,,33.817001342773,-118.03730010986,anonymous,EN,,,,,,,,,,,,,,,,,,,,,,,,,,,,,,,,,,,,,,,,,,,,,,,1,1,7,1,1,1,7,1,1,7,7,1,7,1,1,7,1,7,7,1,3,7,1,1,7,1,7,7,1,7,1,4,1,1,7,4,1,1,1,7,1,1,1,7,1,7,1,,1,,2,18,3,,1,1,3,
2018-04-23 21:31:00,2018-04-23 21:38:46,0,162.199.90.12,100,465,1,2018-04-23 21:38:46,R_1lrG6p77WvsFwd5,,,,,37.252502441406,-121.88940429688,anonymous,EN,1,1,7,1,1,1,7,1,1,7,7,1,7,1,1,6,1,7,6,1,3,7,1,1,7,1,7,7,1,7,1,3,1,1,1,3,1,1,3,7,3,1,3,7,1,7,,,,,,,,,,,,,,,,,,,,,,,,,,,,,,,,,,,,,,,,,,,,,,,2,,1,,1,22,3,,1,2,4,
2018-04-23 21:32:26,2018-04-23 21:38:46,0,107.145.113.42,100,379,1,2018-04-23 21:38:46,R_6rkVA7LohfvIwF3,,,,,28.211898803711,-80.75830078125,anonymous,EN,1,1,7,1,1,1,7,1,1,7,7,1,7,1,1,7,1,7,7,1,3,7,1,1,7,1,7,7,1,7,1,4,1,1,7,4,7,1,1,7,1,1,1,7,1,7,,,,,,,,,,,,,,,,,,,,,,,,,,,,,,,,,,,,,,,,,,,,,,,1,,1,,5,18,3,,7,1,4,
2018-04-23 21:31:10,2018-04-23 21:38:49,0,70.121.172.21,100,458,1,2018-04-23 21:38:49,R_12rrTUrdzOOLxPN,,,,,29.583404541016,-98.399398803711,anonymous,EN,1,1,6,1,1,1,6,2,1,7,7,1,6,1,1,5,2,6,6,1,3,5,1,1,6,1,7,7,1,7,1,3,1,2,2,3,2,1,3,7,3,1,2,7,1,6,,,,,,,,,,,,,,,,,,,,,,,,,,,,,,,,,,,,,,,,,,,,,,,1,,1,,1,7,3,,6,1,5,
2018-04-23 21:30:06,2018-04-23 21:38:54,0,76.171.160.39,100,528,1,2018-04-23 21:38:54,R_Ayrvuw3QGDxZiGB,,,,,33.923095703125,-118.13960266113,anonymous,EN,2,2,7,2,2,2,7,2,2,6,6,1,7,2,2,6,2,6,6,1,3,7,2,2,7,1,7,7,1,7,2,2,6,1,1,2,1,1,3,1,3,2,1,6,1,7,,,,,,,,,,,,,,,,,,,,,,,,,,,,,,,,,,,,,,,,,,,,,,,1,,1,,1,15,6,,9,1,4,
2018-04-23 21:31:40,2018-04-23 21:38:55,0,172.113.29.242,100,434,1,2018-04-23 21:38:55,R_6LKenxrIecHsgdH,,,,,34.052993774414,-117.24890136719,anonymous,EN,1,1,6,1,1,1,7,2,1,7,7,1,7,1,1,3,2,6,5,1,3,7,1,1,7,1,7,7,1,7,1,6,3,3,2,6,3,1,1,6,2,1,5,7,6,7,,,,,,,,,,,,,,,,,,,,,,,,,,,,,,,,,,,,,,,,,,,,,,,2,,3,,2,22,1,,9,1,4,
2018-04-23 21:29:07,2018-04-23 21:39:15,0,23.243.38.158,100,607,1,2018-04-23 21:39:15,R_uffGyGDNJZv2DYZ,,,,,33.817001342773,-118.03730010986,anonymous,EN,,,,,,,,,,,,,,,,,,,,,,,,,,,,,,,,,,,,,,,,,,,,,,,1,1,7,1,1,1,7,1,1,7,7,1,1,1,1,5,1,3,4,1,3,7,1,1,6,1,7,7,1,7,1,2,1,5,4,1,5,1,1,7,2,1,1,7,1,7,2,,2,,2,15,2,,4,1,6,
2018-04-23 21:31:57,2018-04-23 21:39:18,0,68.4.192.232,100,441,1,2018-04-23 21:39:19,R_xDc4xklIKXSwaYN,,,,,33.605102539062,-117.64399719238,anonymous,EN,,,,,,,,,,,,,,,,,,,,,,,,,,,,,,,,,,,,,,,,,,,,,,,2,2,6,2,2,2,6,2,2,6,6,2,6,2,2,2,2,5,3,2,3,6,2,2,6,2,6,6,2,6,2,2,2,2,6,2,2,2,2,6,2,2,2,6,2,6,1,,1,,1,25,2,,9,1,4,
2018-04-23 21:29:38,2018-04-23 21:39:19,0,184.0.59.36,100,581,1,2018-04-23 21:39:20,R_cCLrFx3sk2ZJzvH,,,,,41.153198242188,-85.481002807617,anonymous,EN,1,1,7,1,1,1,7,1,1,7,7,1,7,1,1,7,1,7,7,1,3,7,1,1,7,1,7,7,1,7,1,2,1,1,7,2,1,1,1,7,1,1,1,7,1,7,,,,,,,,,,,,,,,,,,,,,,,,,,,,,,,,,,,,,,,,,,,,,,,2,,1,,4,12,3,,1,5,1,
2018-04-23 21:30:12,2018-04-23 21:39:20,0,24.115.78.82,100,548,1,2018-04-23 21:39:21,R_2f6T8GYpQrrfLuR,,,,,40.763000488281,-75.543998718262,anonymous,EN,,,,,,,,,,,,,,,,,,,,,,,,,,,,,,,,,,,,,,,,,,,,,,,1,1,7,1,1,1,7,2,2,7,7,2,6,2,2,2,2,6,6,2,3,7,1,2,6,2,6,6,2,6,2,2,2,2,6,2,6,2,6,6,2,2,2,6,2,6,2,,1,,4,28,3,,1,5,2,
2018-04-23 21:29:03,2018-04-23 21:39:22,0,108.81.4.13,100,619,1,2018-04-23 21:39:23,R_3fqIvYN9DswP1Y3,,,,,35.604995727539,-82.313201904297,anonymous,EN,,,,,,,,,,,,,,,,,,,,,,,,,,,,,,,,,,,,,,,,,,,,,,,2,2,7,2,2,2,7,3,1,7,7,2,6,2,2,6,2,6,6,2,3,6,2,2,6,2,6,6,2,6,2,2,2,2,2,2,2,2,3,6,3,2,3,6,2,6,1,,1,,2,13,3,,6,1,5,
2018-04-23 21:29:08,2018-04-23 21:39:29,0,173.18.183.195,100,621,1,2018-04-23 21:39:30,R_6y4cnAliRtVkgU1,,,,,36.697692871094,-87.452697753906,anonymous,EN,,,,,,,,,,,,,,,,,,,,,,,,,,,,,,,,,,,,,,,,,,,,,,,1,1,7,1,1,1,7,1,1,7,7,1,6,1,1,7,1,7,7,1,3,7,1,1,7,1,7,7,1,7,1,7,1,1,7,3,1,1,1,7,1,1,1,7,1,7,2,,1,,4,29,3,,8,6,4,
2018-04-23 21:30:02,2018-04-23 21:39:35,0,72.222.165.55,100,572,1,2018-04-23 21:39:36,R_1QJZ8Z4PXEbh9rc,,,,,33.769393920898,-112.24819946289,anonymous,EN,2,2,6,2,2,2,6,2,2,6,6,2,6,2,2,6,2,6,6,2,3,6,2,2,6,2,6,6,2,6,2,5,2,5,6,6,5,2,3,6,3,2,3,6,4,6,,,,,,,,,,,,,,,,,,,,,,,,,,,,,,,,,,,,,,,,,,,,,,,2,,1,,5,41,3,,9,1,5,
2018-04-23 21:30:59,2018-04-23 21:39:44,0,208.107.137.73,100,525,1,2018-04-23 21:39:45,R_AsxN4zJ3yD6twWZ,,,,,46.815902709961,-100.70610046387,anonymous,EN,1,1,7,1,1,1,7,1,1,7,7,1,5,1,1,5,1,5,5,1,3,7,1,1,7,1,7,7,1,7,1,2,1,1,7,2,1,1,3,7,3,1,1,7,1,7,,,,,,,,,,,,,,,,,,,,,,,,,,,,,,,,,,,,,,,,,,,,,,,2,N/A,3,N/A,1,1,"1,3,6",N/A,1,6,3,Unknown
2018-04-23 21:30:29,2018-04-23 21:39:45,0,107.77.226.57,100,555,1,2018-04-23 21:39:46,R_2334aezl0uXtJaE,,,,,40.849899291992,-73.876899719238,anonymous,EN,1,1,7,1,1,1,7,2,1,7,7,7,4,2,2,4,2,4,4,2,3,7,2,2,7,2,7,7,2,7,2,2,2,2,7,2,2,2,2,6,2,2,6,6,6,6,,,,,,,,,,,,,,,,,,,,,,,,,,,,,,,,,,,,,,,,,,,,,,,2,,1,,4,22,3,,1,2,4,
2018-04-23 21:33:16,2018-04-23 21:39:48,0,107.219.126.149,100,392,1,2018-04-23 21:39:48,R_3PS36cJ5DAuBoiU,,,,,41.604507446289,-87.995597839355,anonymous,EN,,,,,,,,,,,,,,,,,,,,,,,,,,,,,,,,,,,,,,,,,,,,,,,7,7,7,1,1,1,7,1,1,7,7,1,7,1,1,7,1,7,7,1,3,7,1,1,7,1,7,7,1,7,1,3,1,1,1,4,1,1,3,7,1,1,1,7,1,7,1,,1,,1,24,3,,9,1,4,
2018-04-23 21:28:52,2018-04-23 21:40:07,0,142.129.109.174,100,675,1,2018-04-23 21:40:08,R_1Nb6YxTMIZLMRVj,,,,,34.076400756836,-118.26260375977,anonymous,EN,,,,,,,,,,,,,,,,,,,,,,,,,,,,,,,,,,,,,,,,,,,,,,,1,1,7,1,7,7,3,1,7,5,3,2,5,1,1,3,1,3,1,1,3,5,3,1,5,1,5,3,1,3,3,7,3,2,1,2,1,1,2,5,2,1,2,2,2,2,2,,2,,1,15,1,,1,5,7,
2018-04-23 21:31:57,2018-04-23 21:40:11,0,174.31.54.148,100,493,1,2018-04-23 21:40:11,R_3dK5MknkxIrl5N5,,,,,47.634796142578,-117.25859832764,anonymous,EN,1,1,7,1,1,1,7,2,1,7,6,2,7,2,2,6,2,6,5,2,3,7,1,1,7,1,7,7,1,7,1,3,1,4,5,3,5,1,3,7,3,1,2,7,2,7,,,,,,,,,,,,,,,,,,,,,,,,,,,,,,,,,,,,,,,,,,,,,,,2,,1,,2,16,3,,9,1,4,
2018-04-23 21:30:02,2018-04-23 21:40:18,0,67.140.154.150,100,616,1,2018-04-23 21:40:18,R_1cY3Yxsv2F4yoWX,,,,,37.540802001953,-85.250999450684,anonymous,EN,1,1,7,1,1,1,7,3,1,7,7,3,7,1,1,7,1,7,7,1,3,7,1,1,7,1,7,7,1,7,1,3,1,2,2,3,2,1,7,7,7,1,3,7,3,7,,,,,,,,,,,,,,,,,,,,,,,,,,,,,,,,,,,,,,,,,,,,,,,2,,1,,4,21,3,,1,6,3,
2018-04-23 21:34:22,2018-04-23 21:40:20,0,107.173.11.151,100,358,1,2018-04-23 21:40:20,R_3UDhSOylHv5ivQJ,,,,,42.88639831543,-78.87809753418,anonymous,EN,,,,,,,,,,,,,,,,,,,,,,,,,,,,,,,,,,,,,,,,,,,,,,,3,2,3,2,1,4,3,2,1,3,2,1,5,4,3,2,1,2,3,4,3,3,2,1,2,5,2,1,3,2,1,3,2,1,2,3,2,3,4,3,2,1,6,5,4,3,1,male,3,biesexual,1,13,1,block,2,,5,Unknown
2018-04-23 21:30:09,2018-04-23 21:40:24,0,104.175.251.134,100,614,1,2018-04-23 21:40:24,R_3CW5UBv3msiiAWj,,,,,34.002395629883,-117.97570037842,anonymous,EN,6,2,4,2,2,2,6,6,2,7,7,6,2,2,2,2,2,2,3,3,3,6,6,6,5,5,6,6,6,2,2,2,7,3,2,1,1,2,2,2,1,6,6,6,5,7,,,,,,,,,,,,,,,,,,,,,,,,,,,,,,,,,,,,,,,,,,,,,,,1,,1,,1,19,5,,1,3,6,
2018-04-23 21:29:04,2018-04-23 21:40:26,0,76.31.48.18,100,681,1,2018-04-23 21:40:26,R_2aOG00dFNDPkgB0,,,,,29.839004516602,-95.146202087402,anonymous,EN,1,1,7,1,1,1,7,3,1,7,7,2,7,2,3,6,2,6,4,3,3,7,1,1,7,1,7,7,1,7,1,1,1,1,5,2,1,1,1,6,1,1,3,7,3,7,,,,,,,,,,,,,,,,,,,,,,,,,,,,,,,,,,,,,,,,,,,,,,,2,,1,,4,11,5,,1,3,5,
2018-04-23 21:28:39,2018-04-23 21:40:41,0,209.169.80.139,100,721,1,2018-04-23 21:40:42,R_pfPKXjwEUcrveNj,,,,,30.321701049805,-95.524200439453,anonymous,EN,,,,,,,,,,,,,,,,,,,,,,,,,,,,,,,,,,,,,,,,,,,,,,,1,1,7,1,1,1,7,5,6,7,7,1,7,1,1,7,1,7,7,1,3,7,1,1,7,1,7,7,1,7,1,6,1,3,7,5,3,1,1,7,2,1,6,7,2,7,1,,1,,1,11,3,,6,1,5,
2018-04-23 21:30:23,2018-04-23 21:40:50,0,67.253.21.12,100,627,1,2018-04-23 21:40:51,R_3Rz6ngHui5ODzLh,,,,,44.225296020508,-69.092300415039,anonymous,EN,,,,,,,,,,,,,,,,,,,,,,,,,,,,,,,,,,,,,,,,,,,,,,,1,1,7,1,1,1,7,3,1,7,7,2,7,1,1,7,2,7,7,1,3,7,1,1,7,1,7,7,2,7,1,3,1,1,1,1,1,1,3,7,1,1,3,7,2,7,2,,2,,1,38,3,,7,2,7,
2018-04-23 21:29:02,2018-04-23 21:40:53,0,76.178.236.32,100,711,1,2018-04-23 21:40:54,R_11iONo7S97eSNV8,,,,,43.582992553711,-71.03929901123,anonymous,EN,,,,,,,,,,,,,,,,,,,,,,,,,,,,,,,,,,,,,,,,,,,,,,,1,1,7,1,1,1,7,1,1,7,7,1,7,1,1,7,1,7,7,1,3,7,1,1,7,1,7,7,1,7,1,1,1,2,2,1,2,1,1,7,1,1,2,7,2,7,2,,1,,1,12,3,,1,5,3,
2018-04-23 21:36:09,2018-04-23 21:41:02,0,73.178.168.46,100,293,1,2018-04-23 21:41:03,R_RDZyKmwpy3HYpHz,,,,,40.068801879883,-74.595596313477,anonymous,EN,,,,,,,,,,,,,,,,,,,,,,,,,,,,,,,,,,,,,,,,,,,,,,,1,1,7,1,1,1,7,1,1,7,7,1,7,4,4,7,1,7,7,1,3,7,1,1,7,1,7,7,1,7,1,4,1,1,7,4,1,1,7,7,4,1,1,7,1,7,1,,1,,1,16,3,,1,1,7,
2018-04-23 21:31:28,2018-04-23 21:41:07,0,108.199.100.251,100,578,1,2018-04-23 21:41:07,R_T6NZ2hksufU24tX,,,,,37.718704223633,-121.08990478516,anonymous,EN,,,,,,,,,,,,,,,,,,,,,,,,,,,,,,,,,,,,,,,,,,,,,,,1,1,7,1,2,2,7,1,1,7,7,1,7,1,1,7,1,7,7,1,3,7,1,1,7,1,7,7,1,7,1,2,1,1,7,6,1,1,1,7,1,1,1,7,1,7,1,,1,,1,8,5,,4,6,5,
2018-04-23 21:31:38,2018-04-23 21:41:12,0,24.47.213.31,100,573,1,2018-04-23 21:41:12,R_2BlccR0Uztr6NOu,,,,,40.927200317383,-74.303901672363,anonymous,EN,1,1,7,1,1,1,7,1,1,7,7,1,7,1,1,4,1,4,4,1,3,7,1,1,7,1,7,7,1,7,1,4,1,1,7,4,1,1,4,4,1,1,7,7,1,7,,,,,,,,,,,,,,,,,,,,,,,,,,,,,,,,,,,,,,,,,,,,,,,1,,1,,5,51,3,,1,3,1,
2018-04-23 21:30:39,2018-04-23 21:41:22,0,24.242.19.76,100,642,1,2018-04-23 21:41:22,R_3HXrazFVADP6Wwk,,,,,31.902297973633,-106.40650177002,anonymous,EN,1,1,7,1,1,1,7,2,2,6,4,2,6,2,2,6,2,6,6,2,3,6,1,2,6,1,6,6,1,6,1,5,1,2,7,5,2,2,2,7,2,1,3,6,3,6,,,,,,,,,,,,,,,,,,,,,,,,,,,,,,,,,,,,,,,,,,,,,,,1,,1,,1,18,3,,1,2,1,
2018-04-23 21:30:56,2018-04-23 21:41:22,0,73.244.236.191,100,626,1,2018-04-23 21:41:22,R_1CwMSqxkqvMSeb6,,,,,25.982894897461,-80.279403686523,anonymous,EN,1,1,6,1,1,1,7,1,1,7,6,1,7,1,1,6,1,4,6,1,3,7,1,1,6,1,7,7,1,7,1,1,1,2,7,1,6,1,1,7,1,1,1,7,1,6,,,,,,,,,,,,,,,,,,,,,,,,,,,,,,,,,,,,,,,,,,,,,,,2,,1,,1,6,2,,9,1,5,
2018-04-23 21:34:39,2018-04-23 21:41:25,0,173.202.8.144,100,406,1,2018-04-23 21:41:26,R_1GIwo4GpJxsR6HO,,,,,35.356292724609,-93.5458984375,anonymous,EN,,,,,,,,,,,,,,,,,,,,,,,,,,,,,,,,,,,,,,,,,,,,,,,1,1,7,1,1,1,7,1,1,7,7,1,7,1,1,7,1,7,7,1,3,7,1,1,7,1,7,7,1,7,1,1,1,1,1,1,1,1,5,7,5,1,1,7,1,7,2,,1,,4,42,3,,6,1,7,
2018-04-23 21:31:20,2018-04-23 21:41:31,0,207.244.82.230,100,611,1,2018-04-23 21:41:32,R_1f272fiPUgb7OF0,,,,,38.770095825195,-77.632102966309,anonymous,EN,1,1,6,3,1,1,6,7,2,7,7,7,7,4,3,6,3,5,5,3,3,7,1,1,7,1,6,5,1,5,1,6,1,1,1,6,1,1,1,7,7,1,5,6,2,6,,,,,,,,,,,,,,,,,,,,,,,,,,,,,,,,,,,,,,,,,,,,,,,1,,1,,4,57,5,,1,3,6,
2018-04-23 21:30:15,2018-04-23 21:41:32,0,38.95.109.70,100,676,1,2018-04-23 21:41:32,R_2Po0PIosPU44Xbn,,,,,34.054397583008,-118.2440032959,anonymous,EN,2,2,7,2,2,2,6,1,1,6,6,1,6,2,2,6,1,6,6,1,3,7,2,1,6,1,7,7,1,6,1,3,1,1,1,7,1,1,1,7,1,1,1,7,1,7,,,,,,,,,,,,,,,,,,,,,,,,,,,,,,,,,,,,,,,,,,,,,,,1,,1,,4,37,3,,7,1,6,
2018-04-23 21:31:18,2018-04-23 21:41:39,0,167.160.123.22,100,621,1,2018-04-23 21:41:40,R_1JEhqbKaSlxe8ud,,,,,32.291198730469,-90.18440246582,anonymous,EN,1,1,6,1,1,1,7,2,1,7,7,1,7,1,1,7,2,4,4,2,3,6,2,2,6,2,5,5,2,5,2,2,2,2,4,2,4,2,2,2,2,2,2,4,2,4,,,,,,,,,,,,,,,,,,,,,,,,,,,,,,,,,,,,,,,,,,,,,,,2,,1,,1,10,1,,1,2,4,
2018-04-23 21:31:32,2018-04-23 21:42:01,0,72.84.151.147,100,628,1,2018-04-23 21:42:02,R_xtF8VBVpm0f01Xz,,,,,39.054306030273,-76.018501281738,anonymous,EN,,,,,,,,,,,,,,,,,,,,,,,,,,,,,,,,,,,,,,,,,,,,,,,1,1,7,1,1,1,7,1,1,7,7,1,7,1,1,7,1,7,7,1,3,7,1,1,7,1,7,7,1,7,1,4,1,1,7,4,1,1,1,7,1,1,1,7,1,7,2,,1,,4,18,3,,1,5,6,
2018-04-23 21:30:30,2018-04-23 21:42:03,0,97.35.64.234,100,692,1,2018-04-23 21:42:04,R_suRljR5An0N9drr,,,,,41.258605957031,-95.937797546387,anonymous,EN,,,,,,,,,,,,,,,,,,,,,,,,,,,,,,,,,,,,,,,,,,,,,,,2,2,7,2,2,3,7,3,2,7,7,2,7,2,3,6,2,6,6,2,3,6,2,2,7,1,7,6,2,6,2,3,2,3,2,3,2,2,3,6,2,2,2,6,2,6,1,,1,,1,30,3,,7,6,5,
2018-04-23 21:36:46,2018-04-23 21:42:06,0,23.105.134.162,100,319,1,2018-04-23 21:42:06,R_1EWmvDCT0i7pgRZ,,,,,40.751693725586,-73.997200012207,anonymous,EN,3,3,6,2,2,2,6,2,2,6,6,2,6,2,2,6,2,6,6,2,3,6,2,2,6,2,6,6,2,6,2,6,2,2,2,6,2,2,2,6,2,2,2,6,2,6,,,,,,,,,,,,,,,,,,,,,,,,,,,,,,,,,,,,,,,,,,,,,,,1,,1,,4,11,3,,9,1,4,
2018-04-23 21:31:10,2018-04-23 21:42:08,0,70.92.99.167,100,658,1,2018-04-23 21:42:08,R_1QhoTLFj7WPu5ao,,,,,37.824905395508,-87.533401489258,anonymous,EN,2,2,7,1,1,1,7,6,1,7,7,1,7,1,1,7,1,7,7,1,3,7,1,1,7,1,7,7,1,7,1,7,1,3,7,7,7,1,7,7,1,1,1,7,1,7,,,,,,,,,,,,,,,,,,,,,,,,,,,,,,,,,,,,,,,,,,,,,,,1,,1,,2,20,3,,6,1,2,
2018-04-23 21:30:38,2018-04-23 21:42:20,0,24.38.239.172,100,701,1,2018-04-23 21:42:21,R_3PzScES74HpvsDt,,,,,41.206604003906,-73.171798706055,anonymous,EN,,,,,,,,,,,,,,,,,,,,,,,,,,,,,,,,,,,,,,,,,,,,,,,1,1,7,1,1,1,7,3,3,7,7,3,7,2,2,7,1,7,7,1,3,7,1,1,7,1,7,7,2,7,2,5,2,3,6,5,3,1,5,7,5,1,2,7,2,7,2,,1,,4,14,3,,1,3,7,
2018-04-23 21:30:41,2018-04-23 21:42:51,0,71.178.164.186,100,729,1,2018-04-23 21:42:51,R_1FzEoLzXw73iMpR,,,,,38.968994140625,-76.853698730469,anonymous,EN,,,,,,,,,,,,,,,,,,,,,,,,,,,,,,,,,,,,,,,,,,,,,,,2,2,6,2,2,2,6,6,2,6,6,5,6,2,2,6,5,6,6,3,3,6,2,2,6,2,6,6,2,5,2,2,2,2,6,2,2,2,3,6,4,2,2,6,4,6,1,,1,,1,37,1,,1,3,4,
2018-04-23 21:31:17,2018-04-23 21:42:51,0,174.17.191.61,100,694,1,2018-04-23 21:42:52,R_215RgRP1oaFhE20,,,,,33.444000244141,-112.13020324707,anonymous,EN,2,2,7,2,2,2,7,2,2,7,7,2,6,2,2,6,2,6,6,2,3,7,2,2,7,2,7,7,2,7,2,6,2,2,7,6,2,2,2,6,2,2,2,6,2,6,,,,,,,,,,,,,,,,,,,,,,,,,,,,,,,,,,,,,,,,,,,,,,,1,,1,,4,54,3,,1,6,1,
2018-04-23 21:39:42,2018-04-23 21:42:55,0,157.48.196.127,100,192,1,2018-04-23 21:42:56,R_zdqMAmzk8J1S1Ud,,,,,17.375305175781,78.474395751953,anonymous,EN,,,,,,,,,,,,,,,,,,,,,,,,,,,,,,,,,,,,,,,,,,,,,,,5,6,4,5,6,4,5,5,3,6,5,4,6,3,6,5,6,4,6,3,3,6,3,5,3,5,5,3,4,5,3,4,3,3,4,4,2,3,5,4,3,5,4,6,4,3,1,,1,,4,11,3,,1,5,3,
2018-04-23 21:29:59,2018-04-23 21:42:58,0,76.95.128.13,100,778,1,2018-04-23 21:42:59,R_3r2htFALlYLsthU,,,,,33.893707275391,-118.29930114746,anonymous,EN,,,,,,,,,,,,,,,,,,,,,,,,,,,,,,,,,,,,,,,,,,,,,,,1,1,7,1,1,1,7,1,1,7,7,1,7,3,1,7,1,7,7,1,3,7,1,1,7,1,7,7,1,7,1,7,1,1,7,7,1,1,1,7,1,1,7,7,1,7,1,,1,,1,47,2,,9,1,3,
2018-04-23 21:29:29,2018-04-23 21:43:00,0,173.81.132.249,100,810,1,2018-04-23 21:43:01,R_10SjhlJcDQqK06B,,,,,38.304794311523,-81.757698059082,anonymous,EN,1,1,7,1,1,1,7,1,2,6,6,2,7,2,2,6,2,7,7,2,3,7,2,2,7,2,7,7,2,7,2,7,2,1,7,7,2,1,2,7,2,2,2,7,7,7,,,,,,,,,,,,,,,,,,,,,,,,,,,,,,,,,,,,,,,,,,,,,,,2,,1,,4,,3,,1,2,3,
2018-04-23 21:31:23,2018-04-23 21:43:02,0,65.78.174.111,100,698,1,2018-04-23 21:43:02,R_3k1c7CvrKNGvFyK,,,,,38.408798217773,-121.37159729004,anonymous,EN,1,1,7,1,1,1,7,1,1,7,7,1,7,1,1,7,1,7,7,1,5,7,1,1,7,1,7,7,1,7,1,7,1,1,7,7,1,1,1,7,1,1,1,7,1,7,,,,,,,,,,,,,,,,,,,,,,,,,,,,,,,,,,,,,,,,,,,,,,,1,,1,,4,41,2,,1,3,2,
2018-04-23 21:34:45,2018-04-23 21:43:04,0,71.228.210.47,100,499,1,2018-04-23 21:43:05,R_3it0U0ldSDFrQxW,,,,,36.064300537109,-87.430198669434,anonymous,EN,1,1,7,1,1,1,7,1,1,7,7,1,7,1,1,7,1,7,7,1,3,7,1,1,7,1,7,6,1,6,1,6,1,1,1,5,1,1,1,7,1,1,1,7,1,7,,,,,,,,,,,,,,,,,,,,,,,,,,,,,,,,,,,,,,,,,,,,,,,2,,1,,4,16,3,,1,5,2,
2018-04-23 21:37:45,2018-04-23 21:43:20,0,98.165.51.109,100,335,1,2018-04-23 21:43:21,R_1pSU4DnQcszarr6,,,,,33.572494506836,-112.05639648438,anonymous,EN,2,2,6,2,2,2,6,2,2,6,6,2,6,2,2,6,2,6,6,2,3,6,2,2,6,2,6,6,2,6,2,2,2,2,6,2,2,2,2,6,2,2,2,6,2,6,,,,,,,,,,,,,,,,,,,,,,,,,,,,,,,,,,,,,,,,,,,,,,,1,,1,,2,10,"1,3",,1,3,4,
2018-04-23 21:29:39,2018-04-23 21:43:24,0,72.28.238.73,100,824,1,2018-04-23 21:43:24,R_1o73ryeWApTvuNy,,,,,33.598205566406,-81.671203613281,anonymous,EN,,,,,,,,,,,,,,,,,,,,,,,,,,,,,,,,,,,,,,,,,,,,,,,1,1,7,1,1,1,7,1,1,7,7,2,7,1,1,7,1,7,7,1,3,7,1,1,7,1,7,7,1,7,1,1,1,1,1,1,1,1,2,7,2,1,1,7,1,7,1,,1,,1,12,3,,1,5,4,
2018-04-23 21:31:09,2018-04-23 21:43:33,0,104.36.91.21,100,743,1,2018-04-23 21:43:34,R_3HApPF2pDiooww9,,,,,36.414596557617,-89.139602661133,anonymous,EN,1,1,7,1,1,1,7,6,2,7,7,1,7,1,1,7,1,7,7,1,3,7,1,1,7,1,7,7,1,7,1,5,1,1,1,5,1,1,2,7,1,1,5,7,3,7,,,,,,,,,,,,,,,,,,,,,,,,,,,,,,,,,,,,,,,,,,,,,,,2,,1,,4,41,3,,1,6,2,
2018-04-23 21:35:37,2018-04-23 21:43:40,0,172.243.104.0,100,482,1,2018-04-23 21:43:40,R_pxwrFKguHDYS3Xr,,,,,39.451995849609,-86.467300415039,anonymous,EN,1,1,7,1,1,1,7,1,1,7,7,1,4,1,1,4,1,4,4,1,3,7,1,1,7,1,7,7,1,7,1,4,1,1,1,4,1,1,4,7,4,1,2,7,2,7,,,,,,,,,,,,,,,,,,,,,,,,,,,,,,,,,,,,,,,,,,,,,,,8,,4,,1,15,3,,6,1,4,
2018-04-23 21:31:05,2018-04-23 21:43:42,0,68.49.226.166,100,757,1,2018-04-23 21:43:42,R_x48CjNJf3adpdlf,,,,,42.680297851562,-84.563102722168,anonymous,EN,,,,,,,,,,,,,,,,,,,,,,,,,,,,,,,,,,,,,,,,,,,,,,,1,2,6,2,1,3,7,3,1,7,6,3,7,3,1,6,2,6,7,3,3,7,2,1,6,2,7,5,2,6,1,5,1,3,7,6,3,1,4,6,3,2,3,6,2,7,1,,1,,1,10,5,,1,3,5,
2018-04-23 21:36:46,2018-04-23 21:43:50,0,71.221.55.213,100,423,1,2018-04-23 21:43:50,R_2V3KKYK7aDZQGr3,,,,,32.288803100586,-98.194801330566,anonymous,EN,1,1,7,1,1,1,7,1,1,5,6,1,6,1,1,6,1,7,2,1,3,7,1,1,7,1,7,7,1,7,1,6,1,1,7,6,1,1,1,7,1,1,1,7,1,7,,,,,,,,,,,,,,,,,,,,,,,,,,,,,,,,,,,,,,,,,,,,,,,2,,1,,1,30,3,,6,1,7,
2018-04-23 21:28:45,2018-04-23 21:43:56,0,71.168.193.183,100,911,1,2018-04-23 21:43:56,R_2bPF7c4iTIx4TLM,,,,,39.779602050781,-75.050498962402,anonymous,EN,,,,,,,,,,,,,,,,,,,,,,,,,,,,,,,,,,,,,,,,,,,,,,,1,1,7,1,1,1,7,1,1,7,7,1,7,1,1,7,1,7,7,1,3,7,1,1,7,1,7,7,1,7,1,1,1,1,7,1,1,1,1,1,3,1,3,7,1,7,1,,1,,1,11,3,,9,1,4,
2018-04-23 21:37:15,2018-04-23 21:44:16,0,173.19.129.38,100,421,1,2018-04-23 21:44:17,R_11781V6zcp95sbM,,,,,37.768005371094,-89.327499389648,anonymous,EN,,,,,,,,,,,,,,,,,,,,,,,,,,,,,,,,,,,,,,,,,,,,,,,1,1,7,1,1,1,7,3,1,7,6,3,6,1,1,6,1,7,6,1,3,7,1,1,7,1,7,1,1,7,1,2,1,3,7,2,2,1,2,7,2,1,2,7,2,7,2,,1,,1,12,3,,7,1,6,
2018-04-23 21:36:31,2018-04-23 21:44:29,0,173.130.154.176,100,477,1,2018-04-23 21:44:30,R_4SFeoA3JICnJsOd,,,,,28.683303833008,-82.164596557617,anonymous,EN,,,,,,,,,,,,,,,,,,,,,,,,,,,,,,,,,,,,,,,,,,,,,,,1,1,7,1,1,1,7,1,1,7,7,1,3,1,1,7,1,7,7,1,3,7,1,1,7,1,7,7,1,7,1,1,1,1,7,1,1,1,1,7,1,1,1,7,1,7,2,,1,,1,16,1,,9,6,5,
2018-04-23 21:36:56,2018-04-23 21:44:51,0,68.113.123.206,100,475,1,2018-04-23 21:44:52,R_2c8wQhGYdQbIGt9,,,,,33.455795288086,-86.917198181152,anonymous,EN,,,,,,,,,,,,,,,,,,,,,,,,,,,,,,,,,,,,,,,,,,,,,,,1,1,7,1,1,1,7,5,6,3,3,5,3,5,5,3,3,3,2,2,3,7,1,1,7,2,1,7,1,7,1,6,1,1,1,6,1,2,2,2,6,2,2,7,2,7,1,,1,,4,8,1,,1,3,4,
2018-04-23 21:38:52,2018-04-23 21:45:31,0,173.26.103.49,100,398,1,2018-04-23 21:45:31,R_27IEf36xSz2WfAt,,,,,37.206100463867,-93.303199768066,anonymous,EN,2,2,6,2,2,2,6,3,2,6,6,3,5,2,2,5,2,5,5,2,3,6,2,2,6,2,6,6,2,6,2,3,2,5,3,3,5,2,2,2,2,2,3,6,3,6,,,,,,,,,,,,,,,,,,,,,,,,,,,,,,,,,,,,,,,,,,,,,,,2,,1,,4,16,3,,7,1,4,
2018-04-23 21:29:24,2018-04-23 21:45:40,0,172.112.216.130,100,975,1,2018-04-23 21:45:41,R_2xKxLiCiGyIuU3C,,,,,33.726501464844,-118.00689697266,anonymous,EN,2,2,2,2,2,2,5,2,2,6,6,2,6,6,6,6,6,6,6,2,3,6,3,3,6,3,6,6,2,6,2,6,6,2,3,5,2,2,2,6,2,2,6,6,6,6,,,,,,,,,,,,,,,,,,,,,,,,,,,,,,,,,,,,,,,,,,,,,,,2,,1,,4,,3,,1,5,1,
2018-04-23 21:42:22,2018-04-23 21:46:18,0,168.103.154.36,100,236,1,2018-04-23 21:46:20,R_3JL6GlS0teTWBqy,,,,,47.794799804688,-124.26429748535,anonymous,EN,2,2,7,2,2,2,7,1,1,7,7,1,7,1,1,7,1,7,7,1,3,7,1,1,7,1,7,7,1,7,1,7,1,1,7,7,1,1,1,7,1,1,1,7,1,7,,,,,,,,,,,,,,,,,,,,,,,,,,,,,,,,,,,,,,,,,,,,,,,1,,1,,1,,3,,9,1,4,
2018-04-23 21:42:28,2018-04-23 21:46:33,0,24.20.95.130,100,244,1,2018-04-23 21:46:33,R_PFogF4dKz9lKmzf,,,,,45.674102783203,-122.47149658203,anonymous,EN,1,1,7,1,1,1,7,1,1,7,7,1,7,1,1,7,1,7,7,1,3,7,1,1,7,1,7,7,1,7,1,7,1,1,1,7,1,1,1,7,1,1,1,7,1,7,,,,,,,,,,,,,,,,,,,,,,,,,,,,,,,,,,,,,,,,,,,,,,,2,,1,,2,11,3,,6,1,7,
2018-04-23 21:39:38,2018-04-23 21:46:40,0,67.11.110.193,100,422,1,2018-04-23 21:46:41,R_Qg0u7MurHaMB7H3,,,,,29.708099365234,-98.47859954834,anonymous,EN,2,2,6,2,2,2,6,2,2,6,6,2,4,2,2,4,2,2,4,2,3,6,2,2,6,2,6,6,2,6,2,6,2,2,2,6,2,2,2,6,2,2,6,6,2,6,,,,,,,,,,,,,,,,,,,,,,,,,,,,,,,,,,,,,,,,,,,,,,,2,,1,,4,18,3,,1,6,1,
2018-04-23 21:32:39,2018-04-23 21:46:45,0,184.91.203.139,100,845,1,2018-04-23 21:46:45,R_2qgalGfKJwyVmh4,,,,,28.996994018555,-81.056297302246,anonymous,EN,2,2,7,1,1,1,7,1,1,7,7,2,6,1,1,6,2,6,6,2,3,7,1,1,7,2,7,7,2,7,2,6,2,2,6,7,2,2,3,3,2,2,2,6,2,6,,,,,,,,,,,,,,,,,,,,,,,,,,,,,,,,,,,,,,,,,,,,,,,1,,1,,1,6,"1,3",,1,5,5,
2018-04-23 21:33:39,2018-04-23 21:46:50,0,74.196.102.74,100,791,1,2018-04-23 21:46:51,R_25AdPiBAlLSHOyx,,,,,35.959197998047,-96.755401611328,anonymous,EN,,,,,,,,,,,,,,,,,,,,,,,,,,,,,,,,,,,,,,,,,,,,,,,1,1,7,1,1,1,7,4,1,7,7,2,4,1,1,7,1,7,7,1,3,7,1,1,7,1,7,7,1,7,1,1,1,1,7,1,1,1,1,7,1,1,6,7,1,7,2,,1,,4,26,3,,1,5,4,
2018-04-23 21:32:50,2018-04-23 21:47:00,0,174.99.117.195,100,850,1,2018-04-23 21:47:01,R_b48CHT04a5y1HnH,,,,,35.934097290039,-78.716598510742,anonymous,EN,,,,,,,,,,,,,,,,,,,,,,,,,,,,,,,,,,,,,,,,,,,,,,,1,1,7,1,1,1,7,6,2,7,7,6,6,2,2,6,2,6,6,2,5,6,2,2,7,2,6,6,2,6,2,2,2,2,6,2,2,2,2,6,2,2,6,6,6,6,2,,1,,4,26,1,,1,5,7,
2018-04-23 21:39:51,2018-04-23 21:47:13,0,108.253.190.88,100,441,1,2018-04-23 21:47:13,R_Or1BlWyZ27AvyXD,,,,,41.481704711914,-81.802398681641,anonymous,EN,2,1,7,1,1,1,7,1,1,7,7,1,7,1,1,7,1,7,7,1,3,7,1,1,7,1,7,7,1,7,1,6,1,4,6,7,4,1,2,7,3,1,1,7,1,7,,,,,,,,,,,,,,,,,,,,,,,,,,,,,,,,,,,,,,,,,,,,,,,1,,1,,5,43,3,,1,3,7,
2018-04-23 21:30:54,2018-04-23 21:47:20,0,76.217.146.108,100,985,1,2018-04-23 21:47:20,R_3parnl4wNZlshpH,,,,,34.200500488281,-118.54040527344,anonymous,EN,3,2,6,2,2,2,6,2,2,6,6,2,6,2,2,6,2,6,6,2,3,6,2,2,6,2,6,6,2,6,2,6,2,2,2,6,2,2,6,6,6,2,2,6,2,6,,,,,,,,,,,,,,,,,,,,,,,,,,,,,,,,,,,,,,,,,,,,,,,,,,,,,,,,,,
2018-04-23 21:41:40,2018-04-23 21:47:29,0,24.26.44.223,100,348,1,2018-04-23 21:47:29,R_1FPVauPaMGual02,,,,,38.207504272461,-83.398902893066,anonymous,EN,,,,,,,,,,,,,,,,,,,,,,,,,,,,,,,,,,,,,,,,,,,,,,,1,1,7,1,1,1,7,1,1,7,7,1,7,1,1,7,1,7,7,1,3,7,1,1,7,1,7,7,1,7,1,1,1,1,7,1,1,1,1,7,1,1,1,7,1,7,2,,1,,2,7,2,,6,1,5,
2018-04-23 21:29:51,2018-04-23 21:47:38,0,108.204.192.242,100,1066,1,2018-04-23 21:47:38,R_2z7N9btjcpgnkJY,,,,,33.924194335938,-88.947601318359,anonymous,EN,,,,,,,,,,,,,,,,,,,,,,,,,,,,,,,,,,,,,,,,,,,,,,,1,1,7,1,1,7,7,1,1,7,7,7,1,1,7,7,1,1,7,7,3,7,1,1,7,1,7,7,1,7,7,1,1,1,7,1,7,1,1,7,7,7,1,7,7,7,2,,1,,1,15,1,,9,1,7,
2018-04-23 21:45:39,2018-04-23 21:48:08,0,72.65.228.7,100,149,1,2018-04-23 21:48:09,R_1o7uhQuDwhUgvnM,,,,,40.499801635742,-80.184196472168,anonymous,EN,3,3,3,3,3,3,3,3,4,4,4,3,5,5,5,5,5,5,5,5,3,5,5,5,5,5,5,5,5,5,5,6,5,5,5,5,5,5,5,5,5,5,5,6,5,5,,,,,,,,,,,,,,,,,,,,,,,,,,,,,,,,,,,,,,,,,,,,,,,2,,3,,2,4,3,,6,1,4,
2018-04-23 21:31:12,2018-04-23 21:48:30,0,174.224.137.7,100,1038,1,2018-04-23 21:48:31,R_2RRoZ2BIQnONGIq,,,,,42.938293457031,-78.744102478027,anonymous,EN,,,,,,,,,,,,,,,,,,,,,,,,,,,,,,,,,,,,,,,,,,,,,,,2,1,7,1,1,2,7,1,1,7,7,1,3,2,1,3,2,2,2,1,3,7,1,1,7,1,7,6,1,6,1,2,1,1,7,2,1,1,1,1,1,1,5,6,5,6,1,,1,,2,10,3,,1,5,5,
2018-04-23 21:45:05,2018-04-23 21:48:38,0,76.245.15.246,100,212,1,2018-04-23 21:48:38,R_vl6IUM6syeBZ2WB,,,,,42.052505493164,-87.890602111816,anonymous,EN,,,,,,,,,,,,,,,,,,,,,,,,,,,,,,,,,,,,,,,,,,,,,,,1,1,7,1,1,1,7,1,1,7,7,1,7,1,1,7,1,7,7,1,3,7,1,1,7,1,7,7,1,7,1,7,1,1,7,1,1,1,1,7,1,1,1,7,1,7,1,,1,,1,6,3,,6,1,7,
2018-04-23 21:29:02,2018-04-23 21:49:21,0,50.38.117.71,100,1218,1,2018-04-23 21:49:21,R_sS5Q3IXRHdAgfUR,,,,,45.942001342773,-122.67230224609,anonymous,EN,1,1,7,2,1,1,7,1,1,7,7,1,7,3,2,7,2,7,7,2,3,7,1,1,7,1,4,7,2,7,1,2,2,3,7,2,3,1,4,7,2,1,5,7,2,7,,,,,,,,,,,,,,,,,,,,,,,,,,,,,,,,,,,,,,,,,,,,,,,1,,1,,1,21,3,,9,1,7,
2018-04-23 21:39:03,2018-04-23 21:50:00,0,173.244.36.69,100,657,1,2018-04-23 21:50:00,R_1jrMUwJJgcVBqBi,,,,,33.448394775391,-112.07399749756,anonymous,EN,,,,,,,,,,,,,,,,,,,,,,,,,,,,,,,,,,,,,,,,,,,,,,,1,1,7,1,1,1,7,1,1,7,7,1,7,1,1,7,1,7,7,1,3,7,1,1,7,1,7,7,1,7,1,1,1,1,7,1,1,1,4,4,2,1,1,7,1,7,2,,1,,4,39,3,,6,1,2,
2018-04-23 21:30:23,2018-04-23 21:50:08,0,173.174.183.178,100,1184,1,2018-04-23 21:50:09,R_3HOMefKsKn2vcv3,,,,,29.554794311523,-98.695098876953,anonymous,EN,2,2,7,2,2,2,7,2,2,7,7,2,6,2,2,6,2,6,6,2,3,6,2,2,6,2,6,6,2,6,2,6,2,2,3,6,2,2,5,6,5,2,2,6,2,6,,,,,,,,,,,,,,,,,,,,,,,,,,,,,,,,,,,,,,,,,,,,,,,1,,1,,1,15,5,,6,1,5,
2018-04-23 21:45:38,2018-04-23 21:50:15,0,71.86.81.80,100,277,1,2018-04-23 21:50:16,R_2ZEXcLsY3Z7H3zy,,,,,30.418701171875,-92.219902038574,anonymous,EN,,,,,,,,,,,,,,,,,,,,,,,,,,,,,,,,,,,,,,,,,,,,,,,2,2,7,2,2,2,7,1,1,7,7,1,4,1,1,6,1,5,5,1,3,6,1,1,7,1,6,6,1,6,1,6,1,1,6,6,3,2,2,6,2,2,2,6,2,6,1,,1,,1,4,,,1,6,1,
2018-04-23 21:39:42,2018-04-23 21:50:23,0,107.137.187.23,100,640,1,2018-04-23 21:50:23,R_24Mn1tr9XJWzsG3,,,,,41.437896728516,-81.536598205566,anonymous,EN,1,1,7,1,1,1,7,2,1,6,6,2,6,2,2,6,2,6,6,2,3,7,1,1,7,1,6,6,2,6,2,6,1,3,7,6,3,1,2,4,2,1,2,6,1,6,,,,,,,,,,,,,,,,,,,,,,,,,,,,,,,,,,,,,,,,,,,,,,,2,,1,,4,18,1,,1,5,4,
2018-04-23 21:44:47,2018-04-23 21:50:26,0,67.180.220.241,100,339,1,2018-04-23 21:50:27,R_2bTUTgdIo4oES0e,,,,,38.116500854492,-122.20909881592,anonymous,EN,,,,,,,,,,,,,,,,,,,,,,,,,,,,,,,,,,,,,,,,,,,,,,,1,1,7,1,1,1,7,1,1,7,7,1,7,1,1,7,1,7,7,1,3,7,1,1,7,1,7,7,1,7,1,3,1,1,7,3,1,1,1,7,1,1,1,7,1,7,1,,1,,1,26,3,,9,1,1,
2018-04-23 21:33:51,2018-04-23 21:50:54,0,73.233.150.132,100,1022,1,2018-04-23 21:50:54,R_3oUgfc9xHMBaB8Z,,,,,40.102996826172,-74.941497802734,anonymous,EN,1,1,7,1,1,1,7,3,1,7,7,1,6,1,2,6,1,6,6,1,3,7,1,1,7,1,7,7,2,7,2,3,1,1,1,3,1,1,2,7,1,1,2,6,1,7,,,,,,,,,,,,,,,,,,,,,,,,,,,,,,,,,,,,,,,,,,,,,,,1,,1,,1,19,3,,7,1,5,
2018-04-23 21:34:35,2018-04-23 21:51:00,0,72.89.133.232,100,985,1,2018-04-23 21:51:00,R_sLpJcgEVeKfZuzD,,,,,40.868499755859,-73.839401245117,anonymous,EN,1,1,7,1,1,1,7,1,1,6,6,1,5,2,2,5,2,5,5,2,3,6,1,1,6,1,6,6,1,6,1,6,1,1,7,6,1,1,4,7,2,1,3,6,3,6,,,,,,,,,,,,,,,,,,,,,,,,,,,,,,,,,,,,,,,,,,,,,,,2,,3,,2,41,6,,8,3,7,
2018-04-23 21:29:47,2018-04-23 21:51:28,0,71.89.2.142,100,1300,1,2018-04-23 21:51:28,R_AhWt780CL28LbQl,,,,,42.186096191406,-72.525497436523,anonymous,EN,2,2,6,6,2,2,6,2,2,6,6,2,2,2,2,4,2,2,2,2,3,6,2,2,6,2,6,6,2,6,2,2,2,2,7,2,2,2,2,7,2,2,2,6,2,6,,,,,,,,,,,,,,,,,,,,,,,,,,,,,,,,,,,,,,,,,,,,,,,2,,1,,1,16,3,,,,,
2018-04-23 21:28:34,2018-04-23 21:51:35,0,71.236.255.139,100,1381,1,2018-04-23 21:51:35,R_24IZrqqDXLRJS1D,,,,,44.057998657227,-123.00630187988,anonymous,EN,,,,,,,,,,,,,,,,,,,,,,,,,,,,,,,,,,,,,,,,,,,,,,,4,6,5,2,5,3,6,1,1,7,5,2,2,3,1,3,3,2,6,2,3,5,3,3,6,5,6,3,4,2,3,4,2,3,5,3,2,1,5,7,3,1,2,6,2,6,1,,1,,2,6,3,,1,1,1,
2018-04-23 21:30:14,2018-04-23 21:52:06,0,68.8.4.23,100,1312,1,2018-04-23 21:52:07,R_3emXGnA9djiYa3b,,,,,32.755493164062,-117.07009887695,anonymous,EN,,,,,,,,,,,,,,,,,,,,,,,,,,,,,,,,,,,,,,,,,,,,,,,1,1,7,1,1,1,7,1,1,7,4,1,7,1,1,7,1,7,7,1,3,7,1,1,7,1,7,7,1,7,1,1,1,4,1,1,4,1,7,7,6,1,2,7,2,7,1,,1,,1,8,2,,1,3,3,
2018-04-23 21:49:48,2018-04-23 21:52:34,0,172.11.220.144,100,165,1,2018-04-23 21:52:34,R_2rak1c9XHWXi9tn,,,,,39.597503662109,-84.15599822998,anonymous,EN,,,,,,,,,,,,,,,,,,,,,,,,,,,,,,,,,,,,,,,,,,,,,,,6,7,7,7,1,1,7,3,1,7,7,1,3,3,2,5,4,4,4,4,3,5,2,1,5,2,6,6,6,7,2,7,6,6,2,7,2,1,6,7,7,2,2,7,2,7,1,,1,,1,19,3,,7,1,4,
2018-04-23 21:28:36,2018-04-23 21:53:16,0,70.171.9.199,100,1480,1,2018-04-23 21:53:17,R_1CfmxkEteEp7S2b,,,,,29.636993408203,-82.231903076172,anonymous,EN,1,1,7,1,1,1,7,1,1,7,7,1,4,1,1,4,1,4,4,1,3,7,1,1,7,1,7,7,1,7,1,7,1,1,4,7,1,1,1,7,1,1,1,7,1,7,,,,,,,,,,,,,,,,,,,,,,,,,,,,,,,,,,,,,,,,,,,,,,,1,,1,,1,8,"1,3,6",,1,3,4,
2018-04-23 21:41:40,2018-04-23 21:53:17,0,104.172.139.125,100,696,1,2018-04-23 21:53:17,R_2ROke13II6qJZST,,,,,34.197998046875,-119.17259979248,anonymous,EN,,,,,,,,,,,,,,,,,,,,,,,,,,,,,,,,,,,,,,,,,,,,,,,2,1,7,2,1,1,7,3,2,7,7,2,7,2,2,7,2,7,7,2,3,6,2,1,6,1,7,7,2,7,1,6,2,5,3,6,6,2,5,6,4,2,3,7,3,7,1,,1,,2,12,5,,7,1,4,
2018-04-23 21:46:15,2018-04-23 21:53:18,0,24.126.128.242,100,423,1,2018-04-23 21:53:19,R_25uArM9eGJihJRw,,,,,33.982894897461,-84.324203491211,anonymous,EN,1,1,7,2,2,1,6,1,1,7,7,1,7,1,2,6,1,7,7,1,3,7,1,1,6,1,7,6,1,7,1,1,1,2,1,1,1,1,1,1,1,1,1,7,1,7,,,,,,,,,,,,,,,,,,,,,,,,,,,,,,,,,,,,,,,,,,,,,,,1,,1,,4,17,3,,1,3,5,
2018-04-23 21:30:07,2018-04-23 21:55:07,0,47.145.150.17,100,1500,1,2018-04-23 21:55:08,R_V2ztwQURK7AkbLj,,,,,34.096405029297,-117.966796875,anonymous,EN,1,1,7,1,1,1,7,1,1,7,7,1,7,1,1,7,1,7,7,1,3,7,1,1,7,1,1,2,2,2,2,2,1,1,1,2,1,1,1,1,1,1,1,7,1,7,,,,,,,,,,,,,,,,,,,,,,,,,,,,,,,,,,,,,,,,,,,,,,,1,,1,,1,10,2,,1,2,3,
2018-04-23 21:29:07,2018-04-23 21:56:52,0,68.67.250.119,100,1665,1,2018-04-23 21:56:53,R_1LFFrWxWX5o4Aqx,,,,,36.016204833984,-80.043403625488,anonymous,EN,1,1,7,1,1,1,7,1,1,7,7,1,7,1,1,7,1,7,7,1,3,7,1,1,7,1,7,7,1,7,1,1,6,1,4,1,1,1,4,7,4,1,1,7,1,7,,,,,,,,,,,,,,,,,,,,,,,,,,,,,,,,,,,,,,,,,,,,,,,2,,1,,1,9,3,,7,2,4,
2018-04-23 21:39:13,2018-04-23 21:57:15,0,67.180.35.221,100,1081,1,2018-04-23 21:57:16,R_1dKU3vFS7bm6ncR,,,,,38.104095458984,-122.25659942627,anonymous,EN,1,1,7,1,1,1,7,1,1,7,7,1,7,1,1,7,1,7,7,1,3,7,1,1,7,1,7,7,1,7,1,7,1,1,1,7,1,1,1,7,1,1,1,7,1,7,,,,,,,,,,,,,,,,,,,,,,,,,,,,,,,,,,,,,,,,,,,,,,,1,,1,,1,10,2,,1,5,6,
2018-04-23 21:49:29,2018-04-23 21:57:29,0,68.59.2.40,100,479,1,2018-04-23 21:57:29,R_29ocf3PnPfpRCH1,,,,,42.42790222168,-83.143600463867,anonymous,EN,,,,,,,,,,,,,,,,,,,,,,,,,,,,,,,,,,,,,,,,,,,,,,,1,1,7,1,1,1,7,1,2,7,7,1,7,2,2,7,2,6,7,1,3,7,1,1,6,1,7,7,1,7,1,6,2,6,7,6,6,2,5,7,5,1,2,7,1,7,1,,1,,1,14,1,,9,1,5,
2018-04-23 21:53:55,2018-04-23 21:57:32,0,67.245.123.15,100,217,1,2018-04-23 21:57:33,R_1LBTIQQptJoLDLt,,,,,40.750595092773,-73.82039642334,anonymous,EN,,,,,,,,,,,,,,,,,,,,,,,,,,,,,,,,,,,,,,,,,,,,,,,1,1,7,1,1,1,7,1,1,7,7,1,6,1,1,6,1,7,7,1,3,7,1,1,7,1,7,7,1,7,1,3,1,1,7,2,1,1,1,5,1,1,1,7,1,7,2,,1,,1,24,3,,1,2,6,
2018-04-23 21:43:04,2018-04-23 21:57:48,0,71.238.72.79,100,883,1,2018-04-23 21:57:49,R_2w1b3VvGJxDCz5O,,,,,45.498001098633,-122.77839660645,anonymous,EN,,,,,,,,,,,,,,,,,,,,,,,,,,,,,,,,,,,,,,,,,,,,,,,1,1,7,1,1,1,7,1,1,7,7,1,7,1,1,7,1,7,7,1,3,7,1,1,7,1,7,7,1,7,1,7,1,1,7,7,1,1,1,7,1,1,1,7,1,7,1,,1,,2,16,3,,7,1,6,
2018-04-23 21:53:10,2018-04-23 21:59:01,0,72.175.54.60,100,350,1,2018-04-23 21:59:02,R_2X4EctesrbbDGPD,,,,,46.940200805664,-113.84970092773,anonymous,EN,1,1,7,1,1,1,7,1,1,7,7,1,7,1,1,4,1,7,4,1,3,7,1,1,7,1,7,7,1,7,1,4,1,1,1,4,1,1,7,7,1,1,1,7,1,7,,,,,,,,,,,,,,,,,,,,,,,,,,,,,,,,,,,,,,,,,,,,,,,1,,7,,1,15,3,,9,1,6,
2018-04-23 21:31:12,2018-04-23 21:59:14,0,71.126.175.41,100,1682,1,2018-04-23 21:59:15,R_2qwkZEMTuObfA1y,,,,,38.886505126953,-77.096900939941,anonymous,EN,1,1,6,1,1,1,7,1,1,7,7,1,6,1,1,7,1,7,7,1,3,6,1,1,7,1,7,7,1,7,1,7,1,1,7,7,1,1,3,7,3,1,2,6,1,7,,,,,,,,,,,,,,,,,,,,,,,,,,,,,,,,,,,,,,,,,,,,,,,1,,1,,1,14,3,,5,2,3,
2018-04-23 21:30:34,2018-04-23 22:00:20,0,75.130.150.255,100,1786,1,2018-04-23 22:00:20,R_1pxjvhIPw74zdV6,,,,,34.491592407227,-82.615798950195,anonymous,EN,3,1,6,2,1,2,5,3,2,5,5,1,3,1,2,2,2,5,5,1,3,3,2,1,3,2,3,5,5,1,2,5,2,1,5,3,2,3,1,2,3,1,1,3,1,5,,,,,,,,,,,,,,,,,,,,,,,,,,,,,,,,,,,,,,,,,,,,,,,1,,1,,1,11,3,,2,5,4,
2018-04-23 21:29:33,2018-04-23 22:01:23,0,73.106.76.151,100,1910,1,2018-04-23 22:01:23,R_NXaINrR8GcUWHkJ,,,,,34.024703979492,-84.503303527832,anonymous,EN,1,1,7,1,1,1,7,1,1,7,7,1,7,4,4,7,3,7,7,2,3,7,1,1,7,1,7,7,1,7,1,4,1,1,1,4,1,1,2,7,3,1,4,5,2,5,,,,,,,,,,,,,,,,,,,,,,,,,,,,,,,,,,,,,,,,,,,,,,,1,,1,,4,12,1,,1,3,7,
2018-04-23 21:56:45,2018-04-23 22:02:32,0,177.226.204.240,100,347,1,2018-04-23 22:02:33,R_zfpUhhjfm56Z5Lj,,,,,23.294403076172,-106.36409759521,anonymous,EN,,,,,,,,,,,,,,,,,,,,,,,,,,,,,,,,,,,,,,,,,,,,,,,1,1,7,1,1,1,7,7,1,7,7,7,6,3,3,4,2,4,4,2,3,7,1,1,7,1,7,7,1,7,1,7,1,1,1,7,1,1,3,7,1,1,7,7,7,7,2,,1,,4,11,5,,9,1,4,
2018-04-23 21:54:39,2018-04-23 22:03:20,0,76.109.17.176,100,521,1,2018-04-23 22:03:20,R_271lhJ9FkzqzKac,,,,,27.118804931641,-80.366600036621,anonymous,EN,1,1,7,1,1,1,7,1,1,7,7,1,7,1,1,7,1,7,7,1,3,7,1,1,7,1,7,7,1,7,1,7,1,1,1,7,1,1,1,7,1,1,1,7,1,7,,,,,,,,,,,,,,,,,,,,,,,,,,,,,,,,,,,,,,,,,,,,,,,2,,1,,2,7,3,,4,2,4,
2018-04-23 22:01:22,2018-04-23 22:05:52,0,172.56.42.103,100,269,1,2018-04-23 22:05:52,R_3fvDGVDIBzBJcXv,,,,,47.382400512695,-122.31379699707,anonymous,EN,1,1,7,1,1,1,7,1,1,7,7,1,7,1,1,7,1,7,7,1,3,7,1,1,7,1,7,7,1,7,1,7,1,7,7,7,1,1,1,7,1,1,1,7,1,7,,,,,,,,,,,,,,,,,,,,,,,,,,,,,,,,,,,,,,,,,,,,,,,1,,1,,1,17,3,,6,1,4,
2018-04-23 22:02:22,2018-04-23 22:07:21,0,64.53.241.118,100,299,1,2018-04-23 22:07:22,R_3JDiJM99WdiRHNQ,,,,,41.603302001953,-87.754699707031,anonymous,EN,,,,,,,,,,,,,,,,,,,,,,,,,,,,,,,,,,,,,,,,,,,,,,,2,2,6,2,2,2,6,2,2,6,6,2,6,2,2,6,2,6,6,2,3,6,2,2,6,2,6,6,2,6,2,2,2,2,6,2,2,2,2,5,2,2,2,6,2,6,2,,2,,1,17,3,,6,1,6,
2018-04-23 22:02:29,2018-04-23 22:07:39,0,68.229.145.158,100,309,1,2018-04-23 22:07:39,R_2usJKgsbyvNKirR,,,,,30.077102661133,-92.013702392578,anonymous,EN,1,1,7,1,1,1,7,5,1,7,7,2,6,2,1,6,2,6,7,1,3,7,1,1,7,1,7,7,1,7,1,2,1,2,7,2,1,1,1,7,1,1,6,6,1,7,,,,,,,,,,,,,,,,,,,,,,,,,,,,,,,,,,,,,,,,,,,,,,,1,,1,,1,14,3,,6,1,7,
2018-04-23 22:02:05,2018-04-23 22:07:44,0,24.61.204.167,100,339,1,2018-04-23 22:07:45,R_1n0CqNzNpinBskz,,,,,42.624099731445,-71.338897705078,anonymous,EN,,,,,,,,,,,,,,,,,,,,,,,,,,,,,,,,,,,,,,,,,,,,,,,3,3,7,3,3,3,3,4,3,7,7,3,7,3,3,7,3,5,4,3,3,7,3,3,7,3,5,6,3,5,2,4,3,3,3,7,4,3,3,4,4,3,3,4,3,4,1,,1,,5,34,3,,7,,4,
2018-04-23 22:02:39,2018-04-23 22:08:17,0,98.165.9.211,100,338,1,2018-04-23 22:08:18,R_3hsdCiIrA3H13Bm,,,,,33.446502685547,-111.76850128174,anonymous,EN,1,1,7,1,1,1,7,1,1,7,7,1,7,1,1,7,1,7,7,1,3,7,1,1,7,1,7,7,1,7,1,1,1,1,7,1,1,1,1,7,1,1,1,7,1,7,,,,,,,,,,,,,,,,,,,,,,,,,,,,,,,,,,,,,,,,,,,,,,,1,,1,,1,12,3,,7,1,5,
2018-04-23 22:00:08,2018-04-23 22:08:51,0,97.83.219.73,100,522,1,2018-04-23 22:08:51,R_1qeXJoGGMCa7vzF,,,,,43.384002685547,-88.163696289062,anonymous,EN,,,,,,,,,,,,,,,,,,,,,,,,,,,,,,,,,,,,,,,,,,,,,,,1,1,7,1,1,1,7,2,2,7,7,2,6,2,2,6,2,6,7,1,3,7,2,1,7,1,6,6,1,7,1,6,1,1,7,6,1,1,2,7,1,1,1,7,1,7,2,,1,,2,17,3,,7,1,4,
2018-04-23 22:03:54,2018-04-23 22:09:23,0,76.100.134.81,100,329,1,2018-04-23 22:09:23,R_21mptGVQ4kfnrOI,,,,,39.617202758789,-75.867797851562,anonymous,EN,2,2,7,2,2,2,7,2,2,7,7,1,7,1,1,7,1,7,7,1,3,7,1,1,7,1,7,7,1,7,1,4,2,2,2,4,2,1,3,6,2,2,1,7,1,7,,,,,,,,,,,,,,,,,,,,,,,,,,,,,,,,,,,,,,,,,,,,,,,2,,1,,4,12,3,,1,5,4,
2018-04-23 21:55:50,2018-04-23 22:09:28,0,209.81.116.28,100,817,1,2018-04-23 22:09:28,R_1P5aOJ4khdtIPS9,,,,,46.248794555664,-95.053100585938,anonymous,EN,1,1,7,2,1,2,7,2,1,7,6,2,6,2,2,7,1,6,7,2,3,6,2,1,7,2,7,6,1,7,2,3,1,1,7,2,1,2,2,6,1,2,2,6,2,6,,,,,,,,,,,,,,,,,,,,,,,,,,,,,,,,,,,,,,,,,,,,,,,1,,1,,1,19,3,,6,1,6,
2018-04-23 21:52:12,2018-04-23 22:09:39,0,50.103.122.231,100,1047,1,2018-04-23 22:09:39,R_PFipUmMbYxpbK0h,,,,,40.528198242188,-88.980102539062,anonymous,EN,1,1,7,1,1,1,7,1,1,1,7,1,7,1,1,7,1,7,7,1,3,7,1,1,7,1,7,7,1,7,1,4,1,1,7,1,1,4,4,7,7,1,7,7,1,7,,,,,,,,,,,,,,,,,,,,,,,,,,,,,,,,,,,,,,,,,,,,,,,2,,1,,1,42,3,,1,6,5,
2018-04-23 22:01:34,2018-04-23 22:10:53,0,76.28.156.204,100,559,1,2018-04-23 22:10:53,R_1BWWi3GHEqoWytf,,,,,47.673797607422,-122.34190368652,anonymous,EN,,,,,,,,,,,,,,,,,,,,,,,,,,,,,,,,,,,,,,,,,,,,,,,1,1,7,1,1,1,7,1,1,7,7,1,7,1,1,7,1,7,7,1,3,7,1,1,7,1,7,7,1,7,1,1,1,2,7,1,2,1,3,7,3,1,1,7,1,7,1,,1,,1,30,3,,9,1,7,
2018-04-23 21:29:06,2018-04-23 22:11:09,0,164.119.62.28,100,2522,1,2018-04-23 22:11:09,R_3kdkH7NFSO4hDtp,,,,,40.805694580078,-96.644401550293,anonymous,EN,,,,,,,,,,,,,,,,,,,,,,,,,,,,,,,,,,,,,,,,,,,,,,,2,2,6,2,2,2,6,2,2,6,6,2,6,2,2,6,2,6,5,2,5,6,2,2,6,2,6,5,2,4,2,3,2,2,2,3,2,2,3,6,2,2,2,5,2,6,2,,3,,1,16,3,,9,1,7,
2018-04-23 22:06:05,2018-04-23 22:11:24,0,69.143.90.65,100,318,1,2018-04-23 22:11:24,R_umgHno2JJblktk5,,,,,39.243392944336,-76.680297851562,anonymous,EN,1,1,7,1,1,1,7,1,1,7,7,1,7,1,1,7,1,7,7,1,3,7,1,1,7,1,7,7,1,7,1,1,1,1,7,1,1,1,1,7,1,1,1,7,1,7,,,,,,,,,,,,,,,,,,,,,,,,,,,,,,,,,,,,,,,,,,,,,,,1,,1,,2,16,3,,7,1,4,
2018-04-23 22:04:09,2018-04-23 22:12:48,0,108.196.136.202,100,518,1,2018-04-23 22:12:49,R_2Y3XX4qUAZsOGTc,,,,,29.065505981445,-95.382797241211,anonymous,EN,,,,,,,,,,,,,,,,,,,,,,,,,,,,,,,,,,,,,,,,,,,,,,,2,2,6,2,2,2,6,2,2,6,6,2,6,2,2,6,2,2,2,2,3,6,2,2,6,2,6,6,2,6,2,2,2,2,2,2,2,2,2,6,2,2,2,6,6,6,1,,1,,"2,4",13,3,,1,3,5,
2018-04-23 22:04:08,2018-04-23 22:13:53,0,73.66.114.81,100,584,1,2018-04-23 22:13:53,R_xo2CAzxCPQFDWZr,,,,,37.670303344727,-121.01689910889,anonymous,EN,1,1,7,1,1,1,7,1,1,7,7,1,6,2,2,6,1,6,6,1,3,6,1,1,7,1,6,6,1,7,1,5,1,3,7,3,3,1,2,7,2,1,3,7,3,7,,,,,,,,,,,,,,,,,,,,,,,,,,,,,,,,,,,,,,,,,,,,,,,2,,1,,1,32,3,,1,2,6,
2018-04-23 22:09:03,2018-04-23 22:17:04,0,107.77.201.106,100,481,1,2018-04-23 22:17:05,R_PvqL4nrj58IbqQV,,,,,32.778701782227,-96.821701049805,anonymous,EN,,,,,,,,,,,,,,,,,,,,,,,,,,,,,,,,,,,,,,,,,,,,,,,1,1,7,1,1,1,7,1,1,7,7,1,7,1,1,6,1,7,7,1,3,7,1,1,7,1,7,7,1,7,1,6,1,1,7,4,1,1,1,7,1,1,2,7,2,7,1,,3,,1,27,4,,7,1,7,
2018-04-23 22:02:27,2018-04-23 22:20:30,0,110.54.148.2,100,1083,1,2018-04-23 22:20:31,R_AhNRcnxUZurV8k1,,,,,14.595504760742,120.97210693359,anonymous,EN,,,,,,,,,,,,,,,,,,,,,,,,,,,,,,,,,,,,,,,,,,,,,,,1,1,6,1,1,1,7,1,1,1,6,1,6,1,1,6,1,6,6,1,3,7,1,1,7,1,7,7,1,7,1,7,1,1,7,6,1,1,1,6,1,1,1,7,1,7,1,,1,,4,30,3,,1,2,6,
2018-04-23 22:05:56,2018-04-23 22:24:02,0,108.208.221.62,100,1085,1,2018-04-23 22:24:03,R_1CvYxNLzIqWBd6l,,,,,42.363098144531,-89.033203125,anonymous,EN,,,,,,,,,,,,,,,,,,,,,,,,,,,,,,,,,,,,,,,,,,,,,,,5,3,6,4,6,5,5,7,1,7,6,1,6,6,2,6,6,6,7,1,3,7,1,1,6,1,7,6,2,6,1,7,2,6,7,4,2,2,2,6,1,1,2,7,1,7,1,,2,,2,8,3,,6,1,7,
2018-04-23 22:06:22,2018-04-23 22:25:06,0,76.92.35.52,100,1123,1,2018-04-23 22:25:06,R_wL7bBg3yYq0bIKB,,,,,39.357894897461,-87.424499511719,anonymous,EN,3,3,6,3,2,2,6,3,2,6,6,2,6,2,2,6,3,6,6,2,3,6,2,2,6,2,6,6,3,6,3,6,3,3,6,3,3,2,2,6,2,2,3,6,3,6,,,,,,,,,,,,,,,,,,,,,,,,,,,,,,,,,,,,,,,,,,,,,,,2,,1,,4,16,3,,1,5,4,
2018-04-23 22:27:37,2018-04-23 22:35:43,0,137.118.148.146,100,486,1,2018-04-23 22:35:44,R_rkCiDH232icEFqN,,,,,45.704605102539,-123.86180114746,anonymous,EN,,,,,,,,,,,,,,,,,,,,,,,,,,,,,,,,,,,,,,,,,,,,,,,2,2,6,2,2,2,6,5,2,6,6,2,6,2,2,6,2,6,6,2,3,6,2,2,6,2,6,6,2,6,2,6,2,2,6,6,2,2,3,6,2,2,5,6,2,6,1,,1,,1,52,3,,9,1,7,
2018-04-23 22:30:15,2018-04-23 22:37:50,0,68.51.72.105,100,455,1,2018-04-23 22:37:51,R_32Xepoousu72h0l,,,,,40.314895629883,-86.890800476074,anonymous,EN,2,2,7,1,1,1,7,3,1,7,7,1,7,1,1,3,1,5,4,1,3,7,1,1,7,1,7,7,1,7,1,5,1,5,6,5,5,1,1,7,1,1,1,7,1,7,,,,,,,,,,,,,,,,,,,,,,,,,,,,,,,,,,,,,,,,,,,,,,,1,,1,,4,16,3,,1,6,1,
2018-04-23 22:31:54,2018-04-23 22:38:20,0,24.24.154.168,100,386,1,2018-04-23 22:38:21,R_Av8HRQsa178EBBT,,,,,34.179306030273,-118.43199920654,anonymous,EN,,,,,,,,,,,,,,,,,,,,,,,,,,,,,,,,,,,,,,,,,,,,,,,2,2,6,3,2,2,6,2,2,6,6,2,4,3,3,4,3,6,6,3,3,6,2,2,6,2,6,6,2,6,2,4,2,2,6,4,2,2,2,6,2,2,3,6,3,6,2,,1,,1,38,3,,4,3,5,
2018-04-23 23:00:33,2018-04-23 23:06:40,0,73.27.179.20,100,366,1,2018-04-23 23:06:40,R_xb9LYJzoJujElaN,,,,,27.363296508789,-82.475402832031,anonymous,EN,1,1,7,1,1,1,7,2,1,6,7,1,6,2,2,6,2,6,6,2,3,6,2,1,6,1,7,6,2,7,1,3,1,1,7,2,1,1,2,7,2,1,2,6,1,6,,,,,,,,,,,,,,,,,,,,,,,,,,,,,,,,,,,,,,,,,,,,,,,2,,1,,5,47,3,,1,3,4,
2018-04-23 21:30:14,2018-04-23 21:30:46,0,135.84.220.110,47,31,0,2018-04-30 21:30:47,R_1ffMNIcuF9fU5Im,,,,,,,anonymous,EN,,,,,,,,,,,,,,,,,,,,,,,,,,,,,,,,,,,,,,,,,,,,,,,,,,,,,,,,,,,,,,,,,,,,,,,,,,,,,,,,,,,,,,,,,,,,,,,,,,,,,,,,
2018-04-23 21:32:06,2018-04-23 21:33:42,0,198.208.46.79,47,96,0,2018-04-30 21:33:59,R_324rGfimh0Z0ft2,,,,,,,anonymous,EN,,,,,,,,,,,,,,,,,,,,,,,,,,,,,,,,,,,,,,,,,,,,,,,,,,,,,,,,,,,,,,,,,,,,,,,,,,,,,,,,,,,,,,,,,,,,,,,,,,,,,,,,
2018-04-23 21:33:34,2018-04-23 21:34:44,0,73.230.121.97,47,69,0,2018-04-30 21:35:00,R_24LUtmpdYwG1qUP,,,,,,,anonymous,EN,,,,,,,,,,,,,,,,,,,,,,,,,,,,,,,,,,,,,,,,,,,,,,,,,,,,,,,,,,,,,,,,,,,,,,,,,,,,,,,,,,,,,,,,,,,,,,,,,,,,,,,,
2018-04-23 21:29:48,2018-04-23 21:35:03,0,73.160.115.130,99,315,0,2018-04-30 21:35:04,R_29gI3BAgRCTi6jF,,,,,,,anonymous,EN,,,,,,,,,,,,,,,,,,,,,,,,,,,,,,,,,,,,,,,,,,,,,,,1,1,7,1,1,1,7,2,1,6,6,2,2,2,2,4,1,4,4,1,1,7,1,1,7,1,7,7,2,7,2,1,1,1,1,1,1,1,1,7,1,1,1,7,1,7,2,,1,,2,29,3,,1,6,5,
2018-04-23 21:31:10,2018-04-23 21:36:37,0,66.26.236.233,66,327,0,2018-04-30 21:37:11,R_eeUNaeS7WUU8Yhj,,,,,,,anonymous,EN,,,,,,,,,,,,,,,,,,,,,,,,,,,,,,,,,,,,,,,,,,,,,,,1,1,5,2,1,2,1,1,1,3,1,1,2,1,2,1,3,1,3,2,1,,,,,,,,,,,,,,,,,,,,,,,,,,,,,,,,,,,,,
2018-04-23 21:30:14,2018-04-23 21:36:49,0,67.5.221.160,99,394,0,2018-04-30 21:37:14,R_30jApK9iXYfFeHR,,,,,,,anonymous,EN,,,,,,,,,,,,,,,,,,,,,,,,,,,,,,,,,,,,,,,,,,,,,,,1,1,7,1,1,1,7,1,1,7,7,1,7,1,1,7,1,7,7,1,3,7,1,1,7,1,7,1,1,7,1,7,1,1,7,5,1,1,1,7,1,1,1,7,2,7,2,,3,,1,15,1,,9,1,7,
2018-04-23 21:33:15,2018-04-23 21:36:52,0,136.61.83.179,71,217,0,2018-04-30 21:37:15,R_3QKQJekbXZmwrPy,,,,,,,anonymous,EN,1,1,7,1,1,1,7,4,1,7,7,4,7,1,1,7,1,7,7,1,3,7,1,1,7,1,,,,,,,,,,,,,,,,,,,,,,,,,,,,,,,,,,,,,,,,,,,,,,,,,,,,,,,,,,,,,,,,,,,,,,,,,,,,,,
2018-04-23 21:31:01,2018-04-23 21:37:43,0,96.43.67.67,99,402,0,2018-04-30 21:38:10,R_x3YEIpj6qlKxulr,,,,,,,anonymous,EN,,,,,,,,,,,,,,,,,,,,,,,,,,,,,,,,,,,,,,,,,,,,,,,1,1,7,1,1,1,7,2,1,6,6,1,6,2,2,6,2,6,6,2,3,6,1,1,7,1,7,6,1,7,2,5,1,1,7,5,1,1,2,7,3,1,2,6,1,7,1,,1,,4,18,3,,1,3,3,
2018-04-23 21:30:58,2018-04-23 21:37:58,0,75.67.224.191,99,419,0,2018-04-30 21:38:10,R_3fpXCKYgpLNiN7D,,,,,,,anonymous,EN,1,1,7,1,1,1,7,2,1,7,7,2,6,2,1,6,1,6,6,1,3,7,1,1,7,1,7,7,1,7,1,4,1,3,4,4,3,1,3,7,3,1,6,6,3,6,,,,,,,,,,,,,,,,,,,,,,,,,,,,,,,,,,,,,,,,,,,,,,,1,,1,,4,25,3,,6,1,2,
2018-04-23 21:31:12,2018-04-23 21:37:45,0,24.162.89.192,99,393,0,2018-04-30 21:38:17,R_3iQffIDoVBw5xOY,,,,,,,anonymous,EN,2,2,7,2,2,2,7,2,2,7,7,2,2,2,2,2,2,2,2,2,3,6,2,2,7,2,7,6,2,7,2,3,2,2,2,3,2,2,2,6,2,2,6,7,6,7,,,,,,,,,,,,,,,,,,,,,,,,,,,,,,,,,,,,,,,,,,,,,,,1,,1,,1,25,3,,8,3,4,
2018-04-23 21:28:44,2018-04-23 21:38:33,0,199.66.65.225,99,588,0,2018-04-30 21:38:53,R_1gjyPp2gnsY9aDq,,,,,,,anonymous,EN,1,1,7,1,1,1,7,1,1,7,7,1,7,1,1,7,1,7,7,1,3,7,1,1,7,1,7,7,1,7,1,4,1,3,7,4,3,1,1,7,1,1,4,7,1,7,,,,,,,,,,,,,,,,,,,,,,,,,,,,,,,,,,,,,,,,,,,,,,,2,,1,,4,9,3,,6,1,6,
2018-04-23 21:38:29,2018-04-23 21:38:48,0,73.126.19.239,47,18,0,2018-04-30 21:39:17,R_3rNuAEE9cVo9U6K,,,,,,,anonymous,EN,,,,,,,,,,,,,,,,,,,,,,,,,,,,,,,,,,,,,,,,,,,,,,,,,,,,,,,,,,,,,,,,,,,,,,,,,,,,,,,,,,,,,,,,,,,,,,,,,,,,,,,,
2018-04-23 21:29:28,2018-04-23 21:39:21,0,107.77.165.5,99,592,0,2018-04-30 21:39:22,R_2U41F5epBMc21oo,,,,,,,anonymous,EN,,,,,,,,,,,,,,,,,,,,,,,,,,,,,,,,,,,,,,,,,,,,,,,1,1,7,2,1,1,7,7,1,7,7,1,7,1,1,4,1,4,7,7,3,4,1,1,4,1,7,7,1,4,1,1,1,1,1,1,1,1,4,4,1,1,1,2,1,7,1,,1,,1,40,3,,1,3,5,
2018-04-23 21:30:32,2018-04-23 21:39:59,0,24.62.129.49,99,567,0,2018-04-30 21:40:10,R_3jDa7QigtqiNFWp,,,,,,,anonymous,EN,,,,,,,,,,,,,,,,,,,,,,,,,,,,,,,,,,,,,,,,,,,,,,,2,2,6,2,2,2,6,3,2,5,5,2,6,2,2,6,2,6,6,2,3,6,2,2,6,2,6,6,2,6,2,2,2,4,4,3,4,2,2,6,2,2,3,6,3,6,3,,1,,1,15,3,,7,1,5,
2018-04-23 21:30:16,2018-04-23 21:41:48,0,206.255.75.181,99,691,0,2018-04-30 21:41:52,R_2xRCGZuRIKeiXRT,,,,,,,anonymous,EN,,,,,,,,,,,,,,,,,,,,,,,,,,,,,,,,,,,,,,,,,,,,,,,1,1,7,1,1,1,7,2,1,7,7,1,7,1,1,7,1,7,1,1,3,7,1,1,7,1,7,7,1,7,1,6,2,2,6,6,5,1,1,7,1,1,6,7,3,6,2,,1,,4,34,3,,1,5,1,
2018-04-23 21:31:06,2018-04-23 21:45:14,0,66.119.41.10,99,847,0,2018-04-30 21:45:31,R_1rk6dMPoYE5QzDh,,,,,,,anonymous,EN,1,1,7,1,1,1,7,1,1,7,7,1,7,1,1,7,1,7,7,1,3,7,1,1,7,1,7,7,1,7,1,1,1,1,7,1,1,1,1,7,1,1,1,7,1,7,,,,,,,,,,,,,,,,,,,,,,,,,,,,,,,,,,,,,,,,,,,,,,,2,,1,,1,46,3,,9,1,5,
2018-04-23 21:32:30,2018-04-23 21:45:23,0,72.189.106.155,53,773,0,2018-04-30 21:45:41,R_UYheqAXS79w0Hp7,,,,,,,anonymous,EN,1,1,6,1,1,1,7,,,,,,,,,,,,,,,,,,,,,,,,,,,,,,,,,,,,,,,,,,,,,,,,,,,,,,,,,,,,,,,,,,,,,,,,,,,,,,,,,,,,,,,,,,,,,,,,,
2018-04-23 21:31:26,2018-04-23 21:45:46,0,45.16.159.124,99,859,0,2018-04-30 21:45:47,R_sLOXjFS7fxK2WHv,,,,,,,anonymous,EN,,,,,,,,,,,,,,,,,,,,,,,,,,,,,,,,,,,,,,,,,,,,,,,1,1,7,1,1,1,7,2,2,6,6,3,6,2,2,6,2,6,6,2,3,6,2,2,6,2,6,6,2,6,2,6,2,3,6,6,3,2,3,6,3,2,5,6,5,6,2,,1,,5,43,3,,6,1,7,
2018-04-23 21:29:48,2018-04-23 21:48:34,0,24.182.92.247,99,1125,0,2018-04-30 21:48:42,R_cOXbfovwValXBq9,,,,,,,anonymous,EN,,,,,,,,,,,,,,,,,,,,,,,,,,,,,,,,,,,,,,,,,,,,,,,1,1,7,1,2,2,7,7,1,7,7,1,7,1,1,7,2,7,7,1,3,7,1,1,7,1,7,7,1,7,1,1,1,6,1,1,5,1,1,7,1,1,1,7,1,7,1,,1,,2,17,3,,7,1,6,
2018-04-23 21:50:16,2018-04-23 21:50:44,0,207.246.122.225,81,27,0,2018-04-30 21:51:17,R_1GEsEYiPB5vWBIq,,,,,,,anonymous,EN,2,2,2,2,2,2,2,4,4,3,3,3,3,3,3,3,5,3,3,3,3,4,4,4,3,3,4,4,4,4,4,4,4,4,4,4,2,,,,,,,,,,,,,,,,,,,,,,,,,,,,,,,,,,,,,,,,,,,,,,,,,,,,,,,,,,,,,,,,,,,
2018-04-23 21:28:54,2018-04-23 21:52:11,0,172.90.205.106,75,1397,0,2018-04-30 21:52:12,R_2EEIcI4Tp3QVAbF,,,,,,,anonymous,EN,,,,,,,,,,,,,,,,,,,,,,,,,,,,,,,,,,,,,,,,,,,,,,,2,2,6,2,2,2,6,3,1,7,7,3,7,2,2,7,2,6,6,2,3,7,2,2,7,2,6,6,2,6,2,,,,,,,,,,,,,,,,,,,,,,,,,,,
2018-04-23 21:30:31,2018-04-23 22:00:03,0,173.140.103.76,99,1771,0,2018-04-30 22:00:07,R_3isg4MxANt83ciz,,,,,,,anonymous,EN,,,,,,,,,,,,,,,,,,,,,,,,,,,,,,,,,,,,,,,,,,,,,,,1,1,7,2,1,1,7,1,1,5,5,1,2,2,1,2,1,5,6,2,3,3,2,1,3,3,2,3,5,3,2,3,2,2,6,2,1,2,1,2,3,1,2,1,3,3,2,,1,,1,11,2,,1,2,6,
2018-04-23 21:30:18,2018-04-23 22:00:10,0,108.195.92.66,81,1792,0,2018-04-30 22:00:11,R_UMSKohqeup5xIFr,,,,,,,anonymous,EN,1,1,6,2,1,1,6,1,2,7,7,2,1,2,3,1,1,2,3,1,3,3,6,3,2,3,5,3,2,5,2,1,2,1,5,3,2,,,,,,,,,,,,,,,,,,,,,,,,,,,,,,,,,,,,,,,,,,,,,,,,,,,,,,,,,,,,,,,,,,,
2018-04-23 21:52:14,2018-04-23 23:01:38,0,76.174.107.136,47,4163,0,2018-04-30 23:01:39,R_3rNZRqx7qCobc5P,,,,,,,anonymous,EN,,,,,,,,,,,,,,,,,,,,,,,,,,,,,,,,,,,,,,,,,,,,,,,,,,,,,,,,,,,,,,,,,,,,,,,,,,,,,,,,,,,,,,,,,,,,,,,,,,,,,,,,
2018-04-23 21:28:56,2018-04-24 13:20:34,0,67.170.218.80,99,57097,0,2018-05-01 13:20:37,R_1LjlWWXF9X9uQ7k,,,,,,,anonymous,EN,,,,,,,,,,,,,,,,,,,,,,,,,,,,,,,,,,,,,,,,,,,,,,,1,1,7,1,1,1,7,1,1,7,7,1,2,3,3,6,2,5,5,2,3,7,1,1,7,1,7,7,1,7,1,1,1,1,1,2,1,1,1,7,3,2,2,7,2,7,1,,2,,3,14,2,,7,1,6,
